isbn,work_qid
9781451627282,Q723020
9788075933027,Q723020
9788401352485,Q723020
8401352487,Q723020
9780345351739,Q212718
0345351738,Q212718
0316098124,Q4631472
9780316098120,Q4631472
9783453314351,Q4631472
9780345315229,Q223784
0345315227,Q223784
9780246126894,Q223784
0246126892,Q223784
9782207300305,Q586831
2207300307,Q586831
0671578278,Q2759020
9780671578275,Q2759020
9780553108033,Q300370
0553108034,Q300370
9780002245852,Q300370
000224585X,Q300370
9780553579901,Q300370
0553579908,Q300370
9788025722879,Q300370
9788025722855,Q300370
9788025722848,Q300370
9781473621442,Q43625060
9781473621473,Q43625060
9788075776303,Q43625060
9780553801477,Q28306
0553801473,Q28306
9780002247399,Q28306
9788025728161,Q28306
9788025728154,Q28306
9788025728147,Q28306
9780553277654,Q131375939
0553277650,Q131375939
0312856830,Q2292400
9780312856830,Q2292400
0812536355,Q2292400
9780812536355,Q2292400
9781529001631,Q105722561
9788027511198,Q105722561
9780877957638,Q4656557
0877957630,Q4656557
9780553801507,Q1764445
0553801503,Q1764445
9780002247436,Q1764445
0002247437,Q1764445
9780553582024,Q1764445
9783890645353,Q1764445
3890645356,Q1764445
9788025726860,Q1764445
9788025726853,Q1764445
9788025726846,Q1764445
0312851820,Q58221164
9780312851828,Q58221164
0812515285,Q58221164
9780812515282,Q58221164
0385263244,Q3404279
9780385263245,Q3404279
9780553103540,Q1751870
0553103547,Q1751870
9780002245845,Q1751870
0002245841,Q1751870
9780553573404,Q1751870
0553573403,Q1751870
9788025722831,Q1751870
9788025722824,Q1751870
0399119469,Q65129562
9780399119460,Q65129562
9781250186430,Q82566838
9781529001594,Q82566838
1529001587,Q82566838
9781529001587,Q82566838
9788027506118,Q82566838
9780385055055,Q4658233
0385055056,Q4658233
0345244044,Q4658233
9780345244048,Q4658233
9780553106633,Q431927
0553106635,Q431927
9780002245869,Q431927
0002245868,Q431927
9780553573428,Q431927
055357342X,Q431927
9788025724200,Q431927
9788025724194,Q431927
9788025724187,Q431927
9783442247332,Q431927
3442247330,Q431927
9781931520768,Q44517047
9781618730626,Q44517047
9780441795536,Q4659971
0441795536,Q4659971
8498003687,Q2491758
9788498003680,Q2491758
2720100331,Q2491758
9782720100338,Q2491758
9780575074347,Q3090152
0575075570,Q3090152
9780575075573,Q3090152
2258066476,Q3090152
9782258066472,Q3090152
0441012841,Q2300209
9780441012848,Q2300209
9781841493909,Q2300209
0441014151,Q2300209
9780441014156,Q2300209
9780374104115,Q16824659
9788025723265,Q16824659
9780671446680,Q4676501
0671446681,Q4676501
9780425282403,Q85740021
9780698404335,Q85740021
9780765336927,Q64868387
9782843449048,Q64868387
9781857230314,Q4691060
1857230310,Q4691060
9781857231793,Q4691060
1857231791,Q4691060
9781594201202,Q4691072
159420120X,Q4691072
9780553807677,Q11681262
9782352946335,Q11681262
0380399334,Q16271791
9780380399338,Q16271791
0670875570,Q900595
9780670875573,Q900595
9780140266139,Q900595
0765379945,Q29469803
9780765379948,Q29469803
9782266054119,Q3535595
2266054112,Q3535595
2914370423,Q1170644
9782914370424,Q1170644
2742702989,Q4677090
9782742702985,Q4677090
9780380973651,Q430514
0380973650,Q430514
9780060558123,Q430514
0060558121,Q430514
9780380789030,Q430514
0380789035,Q430514
9782846260336,Q430514
2846260338,Q430514
9788484316275,Q430514
8484316270,Q430514
9780062896261,Q430514
0062896261,Q430514
9788073324148,Q430514
076532153X,Q2269230
9780765321534,Q2269230
9780061474095,Q487364
0061474096,Q487364
9780316246620,Q17001721
9788025905081,Q17001721
0356502422,Q18003141
9780356502427,Q18003141
9780316246682,Q18003141
9788025907870,Q18003141
9780316246651,Q17989172
9780356502410,Q17989172
9788025906330,Q17989172
9780441022687,Q4753290
0425041352,Q4753290
9780425041352,Q4753290
9780374104092,Q16961640
9788025715512,Q16961640
9780553574029,Q3459064
9780002253598,Q3459064
9781841491004,Q44376999
9780575080577,Q4791614
0575080574,Q4791614
0812531787,Q75551719
9780812531787,Q75551719
0312930488,Q75551719
9780312930486,Q75551719
9780446513845,Q99030036
0446513849,Q99030036
9780399587344,Q100710210
0399587349,Q100710210
9780374104108,Q16835895
9788025721261,Q16835895
9788075778154,Q69527499
0765309394,Q1078499
9780765309396,Q1078499
0765348268,Q1078499
9780765348265,Q1078499
9782207260838,Q1078499
9780008501815,Q114310172
9780063021426,Q114310172
9780575094208,Q2722309
067172083X,Q2419894
9780671720834,Q2419894
8440640196,Q2419894
9788440640192,Q2419894
9780312858179,Q4880453
0312858175,Q4880453
0812550102,Q4880455
9780812550108,Q4880455
0688121896,Q850150
9780688121891,Q850150
0553375628,Q2891748
9780553375626,Q2891748
9780356514796,Q110088422
9782070418602,Q803910
207041860X,Q803910
0571086993,Q4920715
9780571086993,Q4920715
2811205055,Q2905406
9782811205058,Q2905406
9791028121020,Q18366291
9780765302625,Q2906615
9780765341600,Q2906615
0765341603,Q2906615
9782207255940,Q2906615
2207255948,Q2906615
0765312182,Q2511421
9780765312181,Q2511421
0877957207,Q1059371
9780877957201,Q1059371
9780345408570,Q4928148
0345408578,Q4928148
9780345424655,Q4928148
0345424654,Q4928148
0345485378,Q4928148
9780345485373,Q4928148
9783641116415,Q3294967
9788445077085,Q3294967
8445077082,Q3294967
9780575088276,Q3697826
9780575088283,Q3697826
9788024265773,Q3697826
9780441574575,Q4941511
0441574572,Q4941511
0765318415,Q2910027
9780765318411,Q2910027
9781481429788,Q122452562
1481429787,Q122452562
9780008159184,Q30608684
9788025730287,Q30608684
9780671742263,Q4180242
0671742264,Q4180242
9781591025436,Q4957980
9780316267885,Q125466285
0316267880,Q125466285
0553100343,Q3088925
9780553100341,Q3088925
2277239259,Q2421826
9782277239253,Q2421826
8440692897,Q2421826
9788440692894,Q2421826
9780688108229,Q4984887
0688108229,Q4984887
9782277230977,Q3149116
2277230979,Q3149116
9781841499901,Q5019811
9788466660884,Q5019811
9780441011612,Q2240456
0441011616,Q2240456
0312877005,Q5031940
9780312877002,Q5031940
9781451638455,Q5036850
2207239616,Q3205133
9782207239612,Q3205133
9780385333481,Q41359
038533348X,Q41359
9780140285604,Q41359
0140285601,Q41359
9780575074361,Q5063196
0575074361,Q5063196
9780575076914,Q5063196
0575076917,Q5063196
0671877011,Q2253255
9780671877019,Q2253255
8466628266,Q2253255
9788466628266,Q2253255
2290048917,Q2253255
9782290048917,Q2253255
0575060522,Q48813319
9780575060524,Q48813319
9780399130274,Q282814
8072141805,Q282814
9780575068773,Q1068060
0441010644,Q1068060
9780441010646,Q1068060
2266147587,Q1068060
9782266147583,Q1068060
0765301555,Q5097878
9780765301550,Q5097878
9780399116971,Q437365
0399116974,Q437365
9780425033104,Q437365
9782221000458,Q437365
2221000455,Q437365
9780679456353,Q5098442
067945635X,Q5098442
0312853955,Q2608698
9780312853952,Q2608698
2290305456,Q2608698
9782290305454,Q2608698
034531378X,Q15033985
9780345313782,Q15033985
0312852711,Q5099787
9780312852719,Q5099787
9780385518635,Q5113944
0385518633,Q5113944
0738811513,Q4501974
9780738811512,Q4501974
031621762X,Q19610145
9780316217620,Q19610145
9780345448392,Q5123535
0345448391,Q5123535
9780879979621,Q3207474
0879979623,Q3207474
080413717X,Q56046005
9780804137171,Q56046005
0061052132,Q3209704
9780061052132,Q3209704
9782879294858,Q40205
0857665367,Q54833637
9780857665362,Q54833637
0575076739,Q5162401
9780575076730,Q5162401
9780671434007,Q741013
0671434004,Q741013
9780312861162,Q5173054
0312861168,Q5173054
9780765340733,Q5174346
0765340739,Q5174346
9780765300324,Q5174346
076530032X,Q5174346
2707116203,Q2384854
9782707116208,Q2384854
9780671440336,Q3363230
0671440330,Q3363230
9781439133941,Q3005722
9788466646918,Q3005722
9782290032626,Q3005722
9780380973460,Q534975
0380973464,Q534975
9780060512804,Q534975
0060512806,Q534975
9788075538833,Q534975
9788025734377,Q534975
9780932096340,Q3205842
0932096344,Q3205842
9780446514286,Q356107
0446514284,Q356107
9780765344960,Q5223299
0839823339,Q3224655
9780839823339,Q3224655
9780345423337,Q2246747
034542333X,Q2246747
9780312860387,Q3016630
0312860382,Q3016630
9780765319050,Q3016630
0765319055,Q3016630
9780399129674,Q5243636
0399129677,Q5243636
1841498998,Q5245583
9781841498997,Q5245583
9781784971625,Q607511
1784971626,Q607511
0380798360,Q5249488
9780380798360,Q5249488
0756400201,Q27825200
9780756400200,Q27825200
9780399129452,Q5256189
0399129456,Q5256189
0441142672,Q5256189
9780441142675,Q5256189
0812511069,Q5265228
9780812511062,Q5265228
9780316003384,Q111992632
9780552685542,Q3706366
0552685542,Q3706366
9780553148619,Q3706366
9780575090996,Q3706366
0752809253,Q3565822
9780752809250,Q3565822
0061052817,Q3565822
9780061052811,Q3565822
3453161815,Q3565822
9783453161818,Q3565822
9780743436120,Q3149129
9780743435338,Q3149129
0743435338,Q3149129
9788466612623,Q3149129
9780316363655,Q43569582
9780575081734,Q3205332
222108439X,Q3205332
9782221084397,Q3205332
3453156439,Q3205332
9783453156432,Q3205332
4152079665,Q2603313
9784152079664,Q2603313
9780060147891,Q664034
006014789X,Q664034
9780553268102,Q5302472
0553268104,Q5302472
9780765304360,Q3015406
0765304368,Q3015406
9780765309532,Q3015406
076530953X,Q3015406
9788470023767,Q1751584
8470023764,Q1751584
9780312940997,Q2113191
0345286464,Q3205839
9780345286468,Q3205839
2221011325,Q3205839
9782221011324,Q3205839
0689306857,Q3235696
9780689306853,Q3235696
9788492429868,Q2976056
2266028804,Q2976056
9782266028806,Q2976056
0345331605,Q2737699
9780345331601,Q2737699
0689305702,Q3207217
9780689305702,Q3207217
8498001390,Q4394822
9788498001396,Q4394822
9780399125911,Q5306348
0399125914,Q5306348
0312866585,Q5306607
9780312866587,Q5306607
9780395264706,Q598315
0395264707,Q598315
9781473233959,Q190192
147323395X,Q190192
0684130831,Q2916242
9780684130835,Q2916242
9780671228613,Q135165
9782702409787,Q135165
2702409784,Q135165
9780553070644,Q3518604
0553070649,Q3518604
0812551613,Q5327095
9780812551617,Q5327095
9780765307590,Q5330486
0765307596,Q5330486
9780765310453,Q5330486
9780765328021,Q24255737
9780765300966,Q5348867
0765300966,Q5348867
0802134955,Q5368262
9780802134950,Q5368262
9780230750760,Q3052025
9780345524492,Q3052025
9780316363747,Q47005478
0756414148,Q50331931
9780756414146,Q50331931
9780575074323,Q5373863
0575074329,Q5373863
9781447246282,Q46856743
9780312932084,Q816016
0312932081,Q816016
9782720102806,Q816016
2720102806,Q816016
031286860X,Q2746500
9780312868604,Q2746500
284172185X,Q2746500
9782841721856,Q2746500
0747205256,Q2656138
9780747205258,Q2656138
2221089561,Q2656138
9782221089569,Q2656138
9781841492032,Q5377672
1841492035,Q5377672
9780445205475,Q2252121
0445205474,Q2252121
1781084637,Q41094135
9781781084632,Q41094135
9781857233940,Q74362
1857233948,Q74362
9781857234572,Q74362
0812555171,Q3016940
9780812555172,Q3016940
0765317524,Q3016940
9780765317520,Q3016940
0934438668,Q5422666
9780934438667,Q5422666
0671653989,Q2703898
9780671653989,Q2703898
229004511X,Q2703898
9782290045114,Q2703898
8440612044,Q2703898
9788440612045,Q2703898
9780765314215,Q5436486
0765314215,Q5436486
9780765352804,Q5436486
076535280X,Q5436486
9784488279059,Q5436486
0316081051,Q5441171
9780316081054,Q5441171
9781857232356,Q5441458
1857232356,Q5441458
9780671455774,Q2915854
067145577X,Q2915854
9780553383058,Q2915854
0553383051,Q2915854
9780575083042,Q2915854
9788470023576,Q2915854
9780553803129,Q5447634
0553803123,Q5447634
0980226015,Q3745649
9780980226010,Q3745649
9788025731772,Q3745649
9780446520720,Q5450418
0446520721,Q5450418
1937007804,Q15221218
9781937007805,Q15221218
9788073068189,Q828031
9788075933171,Q828031
9788075934482,Q828031
0670315419,Q828031
9780670315413,Q828031
0451167805,Q828031
9780451167804,Q828031
0575080566,Q5460012
9780575080560,Q5460012
9788025733837,Q874492
9783453874039,Q874492
0345323475,Q2652159
9780345323477,Q2652159
0886776376,Q27763467
9780886776374,Q27763467
0756402514,Q27763467
9780756402518,Q27763467
9781857989311,Q3210024
1857989317,Q3210024
0441004067,Q9183865
9780441004065,Q9183865
9780553803112,Q5472993
0553803115,Q5472993
0932096263,Q3790023
9780932096265,Q3790023
0593159993,Q1050014
9780593159996,Q1050014
9788076840652,Q1050014
9788025737668,Q1050014
9780385177252,Q932592
0593159985,Q932592
9780593159989,Q932592
2207303578,Q932592
9782207303573,Q932592
8402096417,Q932592
9788402096418,Q932592
9788076840645,Q932592
9788025737651,Q932592
9780380973828,Q4198261
0380973820,Q4198261
9781930846357,Q5505649
1930846355,Q5505649
9780553812176,Q441055
0553812173,Q441055
0765310015,Q441055
0765348780,Q441055
9791097270193,Q441055
9791097270209,Q441055
9782283018408,Q441055
2283018404,Q441055
9782702137789,Q441055
2702137784,Q441055
9782253242314,Q441055
2253242314,Q441055
9788088321767,Q441055
9780575079366,Q5522495
0575079363,Q5522495
9780312317805,Q651682
0312317808,Q651682
1250313198,Q79557367
9781250313195,Q79557367
9781250313188,Q79557367
9788027505814,Q79557367
9780385485180,Q3929314
0385485182,Q3929314
9780441014033,Q2027568
0441014038,Q2027568
9781841493923,Q2027568
1841493929,Q2027568
085031237X,Q3109139
9780850312379,Q3109139
0553076450,Q3209843
9780553076455,Q3209843
9782221007754,Q401619
2221007751,Q401619
9780091952785,Q43480368
9788075657367,Q77430126
9780399128431,Q516848
0399128433,Q516848
9780385603423,Q595128
0385603428,Q595128
9780802116857,Q5577739
080211685X,Q5577739
9781250782953,Q111442660
1250782953,Q111442660
9788071977292,Q1052459
2846260214,Q1052459
9782846260213,Q1052459
9781857987980,Q3433346
1857987985,Q3433346
0670348325,Q1212160
9780670348329,Q1212160
433603057X,Q1212160
9784336030573,Q1212160
4336030588,Q1212160
9784336030580,Q1212160
4105372122,Q1212160
9784105372125,Q1212160
4105372130,Q1212160
9784105372132,Q1212160
9782221058329,Q3209553
2221058321,Q3209553
9788445076941,Q3294970
8445076949,Q3294970
9782258039308,Q3294970
2258039304,Q3294970
9781473232822,Q119691760
0151364583,Q3686127
9780151364589,Q3686127
9780765318534,Q5636343
0765318539,Q5636343
9780765323149,Q5636343
9780345023063,Q5641738
0345023064,Q5641738
9781472112996,Q15035002
9780765316219,Q15035002
9780441014989,Q5643614
0441014984,Q5643614
9781841496948,Q5643614
1597800627,Q3009663
9781597800624,Q3009663
9781250313225,Q100773938
9788027508204,Q100773938
9781408855683,Q46751
9780747546245,Q46751
074754624X,Q46751
9788478885190,Q47598
8478885196,Q47598
8000012529,Q47598
9789857210879,Q47598
9780747542155,Q47598
0747542155,Q47598
9780879977627,Q1760824
0879977620,Q1760824
9780553093933,Q5695215
0553093932,Q5695215
9782221046425,Q437353
2221046420,Q437353
0345481283,Q2335394
9780345481283,Q2335394
9782842282936,Q2335394
9788467222326,Q2335394
0575077174,Q3736382
9780575077171,Q3736382
0575082372,Q3736382
9780575082373,Q3736382
0345416619,Q2468406
9780345416612,Q2468406
9780316072816,Q5936015
0316072818,Q5936015
9780008299323,Q107056141
9780374173548,Q107056141
9780879973148,Q5944644
0879973145,Q5944644
2221069501,Q1798059
8071930164,Q1798059
8071931152,Q1798059
0380978938,Q2725656
9780380978939,Q2725656
0380817926,Q2725656
9780380817924,Q2725656
9780812519310,Q519935
0812519310,Q519935
0803742185,Q3015377
9780803742185,Q3015377
9780575081628,Q6014063
9780575081642,Q6014063
9780671804909,Q4040445
0671804901,Q4040445
0553577778,Q4863413
9780553577778,Q4863413
0886777283,Q27791748
9780886777289,Q27791748
075640715X,Q27887635
9780756407155,Q27887635
9781841499406,Q15035527
1841499390,Q15035527
9781841499390,Q15035527
0886776872,Q27765618
9780886776879,Q27765618
9781447247593,Q108907333
9780330492522,Q1748402
0330492527,Q1748402
9780345464026,Q1748402
0345464028,Q1748402
9782265083097,Q1748402
2265083097,Q1748402
0441011594,Q2870553
9780441011599,Q2870553
9783453520523,Q2870553
9780735269958,Q109255097
0735269955,Q109255097
9780735269934,Q109255097
0735269939,Q109255097
0877959528,Q3233629
9780877959526,Q3233629
9780441374694,Q2077422
0441374697,Q2077422
9780670813025,Q602288
0670813028,Q602288
9788073068554,Q602288
9788073068691,Q602288
9788075931306,Q602288
9780802755353,Q1989233
0802755356,Q1989233
0316440884,Q65065481
9780316440882,Q65065481
9780671877095,Q6154663
0671877097,Q6154663
0345313577,Q1010653
9780345313577,Q1010653
0747570558,Q1474920
9780747570554,Q1474920
9780747580690,Q1474920
0747580693,Q1474920
9780765356154,Q1474920
0765356155,Q1474920
9788073902834,Q1474920
9780394588162,Q756866
0394588169,Q756866
9782221070222,Q756866
2221070224,Q756866
9788533201484,Q756866
8533201486,Q756866
9781843431107,Q579744
9788020717900,Q579744
9782264044730,Q579744
226404473X,Q579744
9783442733231,Q579744
057507907X,Q2901992
9780575079076,Q2901992
9780765303554,Q546785
0765303558,Q546785
9780593396568,Q105704813
0593396561,Q105704813
9780593318171,Q105704813
059331817X,Q105704813
9780593318188,Q105704813
0593318188,Q105704813
9780593311295,Q105704813
0593311299,Q105704813
9780525246602,Q6426705
0525246606,Q6426705
9780671017835,Q594567
0671017837,Q594567
9780671878771,Q594567
0671878778,Q594567
9788466602983,Q594567
8466602984,Q594567
9782290302811,Q594567
9780688107321,Q610680
068810732X,Q610680
9780380728466,Q610680
9781841493435,Q6510209
1841493430,Q6510209
9781841493442,Q6510209
1841493449,Q6510209
9798985663211,Q114291824
9798985663204,Q114291824
9781035007301,Q114291824
9798985663228,Q114291824
9780316332910,Q107316509
0316332917,Q107316509
9780316129084,Q6535598
0316129089,Q6535598
9788466660150,Q6535598
9789661064316,Q6535598
9780330267380,Q721
0330267388,Q721
9780307496508,Q721
0307496503,Q721
9780330508575,Q721
9788827510063,Q3838395
8827510060,Q3838395
9780575070257,Q3838395
0575070250,Q3838395
9780765342119,Q6549446
0765342111,Q6549446
9780446526685,Q6555310
0446526681,Q6555310
0743289412,Q957123
9780743289412,Q957123
9788075931276,Q957123
9780765319852,Q1865620
9780007288427,Q1865620
9780553012668,Q2906934
0553012665,Q2906934
9780553265866,Q2906934
0553265865,Q2906934
9780061120053,Q2906934
0061120057,Q2906934
9780060937935,Q2906934
0060937939,Q2906934
0553587420,Q44466585
9780553587425,Q44466585
9788074790577,Q18151875
1857239814,Q884010
9781857239812,Q884010
1841490598,Q884010
9781841490595,Q884010
9780870541636,Q6679480
0870541633,Q6679480
074340825X,Q28966242
9780743408257,Q28966242
9780839824992,Q734976
0839824998,Q734976
9781857988208,Q734976
8085782278,Q734976
9780553584479,Q44414884
9781590200155,Q6690221
1590200152,Q6690221
9788026908265,Q30608520
9780872234871,Q471741
0872234878,Q471741
9780449235997,Q471741
9780380002092,Q6725637
0380002094,Q6725637
9780765320537,Q44286620
9780765317087,Q6736735
0765317087,Q6736735
0385611013,Q2469019
9780385611015,Q2469019
3442546311,Q2469019
9783442546312,Q2469019
9788401352232,Q2469019
0394486765,Q2377008
9780394486765,Q2377008
9780312942953,Q3207044
0765308843,Q3207044
9780765308849,Q3207044
0312868014,Q3223347
9780312868017,Q3223347
9780385249683,Q6780592
0385249683,Q6780592
9780060882310,Q6787788
006088231X,Q6787788
9781841494173,Q684818
9781841494180,Q684818
9780671877439,Q3305528
0671877437,Q3305528
9782290052303,Q3305528
2290052302,Q3305528
9782290309742,Q3391713
2290309745,Q3391713
9788027506125,Q99838669
0446675601,Q15035019
9780446675604,Q15035019
9780743435222,Q6842848
0743435222,Q6842848
9780425062500,Q3314300
0425062503,Q3314300
9780671722104,Q2884527
2277240257,Q2884527
9782277240259,Q2884527
8440658354,Q2884527
9788440658357,Q2884527
9780385149334,Q3204463
0385149336,Q3204463
9780553052503,Q663215
9782290027356,Q663215
2290027359,Q663215
0375703713,Q845613
9780375703713,Q845613
0345298748,Q3208081
9780345298744,Q3208081
9781936932627,Q6980071
9780879979454,Q6980071
0879979453,Q6980071
9780425256770,Q18391798
9780356500997,Q18391798
9781250244031,Q122238085
125024403X,Q122238085
9788027704835,Q100540380
9780441007462,Q662029
9782707115621,Q662029
2707115622,Q662029
9782277223252,Q662029
9788576570493,Q662029
9784150106720,Q662029
415010672X,Q662029
4152087196,Q951587
9784152087195,Q951587
9780765305039,Q7020012
0765305038,Q7020012
9780765344229,Q7020012
076534422X,Q7020012
0671449737,Q964451
9780671449735,Q964451
9781250854117,Q112787692
9780345291417,Q7050019
0345291417,Q7050019
9781473211919,Q3345309
9780441012480,Q7077188
0441012485,Q7077188
0765309408,Q1339232
9780765309402,Q1339232
9788074790492,Q1339232
0380978946,Q2525080
9780380978946,Q2525080
9780441010462,Q5120959
0441010466,Q5120959
9780441626830,Q1660753
0441626831,Q1660753
9781930235328,Q1660753
0575025476,Q3505071
9780575025479,Q3505071
9780575090453,Q16258116
0575090472,Q16258116
9780575090477,Q16258116
9783641186166,Q16258116
9788024277097,Q16258116
9780671878719,Q7091899
0671878719,Q7091899
9780688052843,Q7094153
0688052843,Q7094153
9780312852061,Q7100063
0312852061,Q7100063
9780671720902,Q7102801
0671720902,Q7102801
9780765311313,Q7103952
0765311313,Q7103952
0380979020,Q942972
9780380979028,Q942972
8498000130,Q942972
9788498000139,Q942972
9780553385762,Q7127548
9780345501165,Q3893138
9780553111248,Q3367818
0553111248,Q3367818
9780441653034,Q3224465
0441653030,Q3224465
0399149864,Q2295976
9780399149863,Q2295976
9780425192931,Q2295976
2846260729,Q2295976
9782846260725,Q2295976
0345459407,Q1143215
9780345459404,Q1143215
0333781724,Q1143215
9780333781722,Q1143215
9788076171558,Q1143215
2265071854,Q1143215
9782265071858,Q1143215
9781931520072,Q7167954
1931520070,Q7167954
9781786699619,Q105476518
9780575082076,Q2364488
9782221081778,Q2364488
9780385182447,Q742226
0385182449,Q742226
9788075930897,Q742226
9781526622426,Q99434216
1526622424,Q99434216
9788025734506,Q99434216
9781635575637,Q99434216
163557563X,Q99434216
9780425282397,Q85793524
9780698404328,Q85793524
9780441012022,Q7209119
0441012027,Q7209119
9788024289274,Q19263901
9780575090507,Q19263901
0886779103,Q27796013
9780886779108,Q27796013
9780593159972,Q783533
0593159977,Q783533
9788076840621,Q783533
9788025737637,Q783533
9788484500445,Q783533
8484500446,Q783533
9782266034715,Q783533
2266034715,Q783533
0312931417,Q3089022
9780312931414,Q3089022
9780765343550,Q7246870
076534355X,Q7246870
9780593135204,Q106852836
0593135202,Q106852836
9780593135228,Q106852836
0593135229,Q106852836
9780593395561,Q106852836
0593395565,Q106852836
9783453321342,Q106852836
3453321340,Q106852836
9780593135211,Q106852836
0345234863,Q2391947
9780345234865,Q2391947
0756407982,Q27891159
9780756407988,Q27891159
9780316388672,Q43336631
9780356506951,Q43336631
9780356506968,Q43336631
9781473230941,Q120122688
9781473230958,Q120122688
9780575074385,Q3063278
0575074388,Q3063278
9780575074392,Q3063278
9782258079243,Q3063278
0446514004,Q3212201
9780446514002,Q3212201
0380977427,Q4398917
9780380977420,Q4398917
0060593083,Q4398917
9780060593087,Q4398917
9780765335296,Q43325355
9780394469010,Q737910
0394469011,Q737910
9780312856847,Q471679
9780812536362,Q471679
0812536363,Q471679
2277232041,Q2415562
9782277232049,Q2415562
0575055774,Q2283166
9780575055773,Q2283166
8520907148,Q2283166
9788520907146,Q2283166
9780871135773,Q7291925
0871135779,Q7291925
9780091952822,Q43480748
030788743X,Q3906523
9780307887436,Q3906523
0099560437,Q3906523
9780099560432,Q3906523
0307887448,Q3906523
9780307887443,Q3906523
0804190135,Q3906523
9780804190138,Q3906523
1524763284,Q3906523
9781524763282,Q3906523
0307913147,Q3906523
9780307913142,Q3906523
0307887456,Q3906523
9780307887450,Q3906523
0553459384,Q3906523
9780553459388,Q3906523
0307913155,Q3906523
9780307913159,Q3906523
1846059372,Q3906523
9781846059377,Q3906523
178475479X,Q3906523
9781784754792,Q3906523
0525574344,Q3906523
9780525574347,Q3906523
0804190143,Q3906523
9780804190145,Q3906523
1448149584,Q3906523
9781448149582,Q3906523
9781446493830,Q3906523
1446493830,Q3906523
9781787462809,Q3906523
9780307913166,Q3906523
0307913163,Q3906523
9780606264129,Q3906523
0606264124,Q3906523
1615876146,Q3906523
9781615876143,Q3906523
030797006X,Q3906523
9780307970060,Q3906523
1529135354,Q3906523
9781529135350,Q3906523
9781804229910,Q3906523
1804229911,Q3906523
8466649174,Q3906523
9788466649179,Q3906523
8580442680,Q3906523
9788580442687,Q3906523
3442380308,Q3906523
9783442380305,Q3906523
3596296595,Q3906523
9783596296590,Q3906523
8876382550,Q3906523
9788876382550,Q3906523
5170783264,Q3906523
9785170783267,Q3906523
9547832239,Q3906523
9789547832237,Q3906523
9786050903447,Q3906523
6050903441,Q3906523
9782266242332,Q3906523
2266242334,Q3906523
9789512088409,Q3906523
9512088401,Q3906523
9789722358231,Q3906523
9722358235,Q3906523
9788074620744,Q3906523
8074620743,Q3906523
9786555601589,Q3906523
6555601582,Q3906523
9783764530907,Q3906523
3764530901,Q3906523
9788851152321,Q3906523
8851152322,Q3906523
9789021449753,Q3906523
9021449757,Q3906523
9788544103166,Q3906523
8544103162,Q3906523
9786177498963,Q3906523
6177498965,Q3906523
9782266299398,Q3906523
2266299395,Q3906523
9786140234659,Q3906523
9789634194613,Q3906523
9786020382777,Q3906523
602038277X,Q3906523
9788851153335,Q3906523
8851153337,Q3906523
9789601642352,Q3906523
9601642358,Q3906523
9788466663069,Q3906523
8466663061,Q3906523
9789588951058,Q3906523
9588951054,Q3906523
9786008203520,Q3906523
6008203526,Q3906523
9782749917726,Q3906523
2749917727,Q3906523
9788324142729,Q3906523
832414272X,Q3906523
9786067586527,Q3906523
6067586525,Q3906523
9783596702428,Q3906523
3596702429,Q3906523
9789949851577,Q3906523
9949851572,Q3906523
9788804741831,Q3906523
880474183X,Q3906523
9788490199961,Q3906523
8490199965,Q3906523
9788372297242,Q3906523
837229724X,Q3906523
9786075290683,Q3906523
6075290680,Q3906523
9788876383441,Q3906523
8876383441,Q3906523
9786155272011,Q3906523
6155272018,Q3906523
9789941241802,Q3906523
9941241805,Q3906523
6073163037,Q3906523
9786073163033,Q3906523
3596706645,Q3906523
9783596706648,Q3906523
6155522812,Q3906523
9786155522819,Q3906523
6162872173,Q3906523
9786162872174,Q3906523
8544106978,Q3906523
9788544106976,Q3906523
6090130818,Q3906523
9786090130810,Q3906523
1947783270,Q3906523
9781947783270,Q3906523
9535987127,Q3906523
9789535987123,Q3906523
8055147817,Q3906523
9788055147819,Q3906523
9788490707234,Q3906523
8024260425,Q3906523
9788024260426,Q3906523
987627290X,Q3906523
9789876272902,Q3906523
9651324457,Q3906523
9789651324451,Q3906523
9934516330,Q3906523
9789934516337,Q3906523
8758824103,Q3906523
9788758824109,Q3906523
8293059281,Q3906523
9788293059288,Q3906523
9861737588,Q3906523
9789861737584,Q3906523
9786064301918,Q3906523
517093923X,Q3906523
9785170939237,Q3906523
9021409119,Q3906523
9789021409115,Q3906523
8466420924,Q3906523
9788466420921,Q3906523
9547832670,Q3906523
9789547832671,Q3906523
8851156557,Q3906523
9788851156558,Q3906523
3596522587,Q3906523
9783596522583,Q3906523
9021414724,Q3906523
9789021414720,Q3906523
9789585986817,Q3906523
8293059427,Q3906523
9788293059424,Q3906523
8758830472,Q3906523
9788758830476,Q3906523
9512407345,Q3906523
9789512407347,Q3906523
9786140118676,Q3906523
865210820X,Q3906523
9788652108206,Q3906523
8580444721,Q3906523
9788580444728,Q3906523
9789634195733,Q3906523
2749935350,Q3906523
9782749935355,Q3906523
9789021449760,Q3906523
9021449765,Q3906523
9789021408880,Q3906523
9021408880,Q3906523
9788758810508,Q3906523
8758810501,Q3906523
9785171071943,Q3906523
5171071942,Q3906523
9789863445319,Q3906523
9863445312,Q3906523
9789021409825,Q3906523
9788372297501,Q3906523
9783641072933,Q3906523
364107293X,Q3906523
9786009871315,Q3906523
9785171095222,Q3906523
5171095221,Q3906523
9787536479333,Q3906523
7536479336,Q3906523
9786124763007,Q3906523
9788205514829,Q3906523
9785171062996,Q3906523
9789863443919,Q3906523
9863443913,Q3906523
9788960776654,Q3906523
8960776653,Q3906523
9788758830636,Q3906523
9788466421140,Q3906523
8466421149,Q3906523
9782749935881,Q3906523
9788055147994,Q3906523
805514799X,Q3906523
9788758812182,Q3906523
8758812180,Q3906523
9786263101401,Q3906523
9788324143009,Q3906523
9788835711490,Q3906523
8835711495,Q3906523
9786162875625,Q3906523
9782749919386,Q3906523
274991938X,Q3906523
9788835719519,Q3906523
8835719518,Q3906523
9788876383281,Q3906523
887638328X,Q3906523
9788876383052,Q3906523
8876383050,Q3906523
9788024251745,Q3906523
8024251744,Q3906523
9781473647640,Q62698506
9788075779540,Q62698506
0246138815,Q3294969
9780246138811,Q3294969
0553092049,Q3294969
9780553092042,Q3294969
2258038235,Q3294969
9782258038233,Q3294969
9788445076811,Q3294969
9782905158666,Q3226029
2905158662,Q3226029
0345539788,Q18393778
9780345539786,Q18393778
9781250865847,Q130036358
1250865840,Q130036358
0575068795,Q3202275
9780575068797,Q3202275
2266162802,Q3202275
9782266162807,Q3202275
9783453875517,Q3202275
9780765316998,Q7306263
0765316994,Q7306263
9780929480480,Q3424461
0929480481,Q3424461
0671877186,Q3212608
9780671877187,Q3212608
9780575015876,Q741222
057501587X,Q741222
9780151768356,Q741222
9788520903094,Q741222
8520903096,Q741222
9780575068759,Q1759977
0575068752,Q1759977
9782258058415,Q1759977
2258058414,Q1759977
9783453187870,Q1759977
9780224018517,Q7332458
0224018515,Q7332458
9780446515146,Q7334502
0446515140,Q7334502
9780002240260,Q7334688
0002240262,Q7334688
9780345020468,Q1505793
0345020464,Q1505793
9780575077027,Q1505793
9782277235279,Q1505793
227723527X,Q1505793
9788498001334,Q1505793
8498001331,Q1505793
9788076175457,Q1505793
9780671440688,Q3433284
0671440683,Q3433284
9780743256704,Q5482407
0743256700,Q5482407
9780345285300,Q7339610
0345285301,Q7339610
9788024282626,Q7339610
9780385190923,Q377230
0385190921,Q377230
9788483463611,Q377230
9782277219965,Q377230
2277219967,Q377230
9780441020348,Q7378920
9781841497730,Q7378920
0224016067,Q4354234
9780224016063,Q4354234
0446611522,Q64337559
9780446611527,Q64337559
0743450094,Q28946151
9780743450096,Q28946151
9780553107043,Q3203920
0553107046,Q3203920
9780812551129,Q764902
9780812522563,Q764902
0812522567,Q764902
9780441015948,Q7426767
0441015948,Q7426767
9781841495675,Q7426767
9780575070684,Q137536
0575070684,Q137536
9780061073441,Q137536
006107344X,Q137536
9780061050930,Q137536
0061050938,Q137536
9780877956457,Q1928866
0877956456,Q1928866
9780593321447,Q112274439
0593321448,Q112274439
9780441013296,Q729783
0441013295,Q729783
9780008300777,Q85624939
9780886770884,Q7455078
0886770882,Q7455078
9780765378026,Q29649673
9788071976882,Q19902777
9780312930196,Q3142271
0312930194,Q3142271
0765300176,Q2915295
9780765300171,Q2915295
2841722627,Q2915295
9782841722624,Q2915295
2841723631,Q2915291
9782841723638,Q2915291
0312857586,Q2915291
9780312857585,Q2915291
0312876513,Q2915310
9780312876517,Q2915310
2841722201,Q2915310
9782841722204,Q2915310
9788075851949,Q7460739
9788088321965,Q131382888
9788076840959,Q131382888
9780879976590,Q3203368
0879976594,Q3203368
9781529043396,Q109975974
9782843440724,Q3211069
2843440726,Q3211069
9780441007981,Q3211069
0441007988,Q3211069
0441010725,Q3006304
9780441010721,Q3006304
9783453520165,Q3006304
3453520165,Q3006304
0451464397,Q17105829
9780451464392,Q17105829
9780385312080,Q265954
0385312083,Q265954
9780385333849,Q265954
0385333846,Q265954
9788025715284,Q265954
9788025717707,Q265954
9780345501134,Q7539916
0345391659,Q2268557
9780345391650,Q2268557
9780553088533,Q768389
055308853X,Q768389
9783442236862,Q768389
344223686X,Q768389
9780765316707,Q7557345
0765316706,Q7557345
9780312937348,Q3489256
0312937342,Q3489256
9781250834980,Q123300220
0803777116,Q3234507
9780803777118,Q3234507
9780765344571,Q3236485
0765344572,Q3236485
9781481497497,Q64485242
0312937385,Q2291295
9780312937386,Q2291295
2720103004,Q2291295
9782720103001,Q2291295
0765309386,Q2301398
9780765309389,Q2301398
076534825X,Q2301398
2207258041,Q2301398
9782207258040,Q2301398
9788027500109,Q56418944
2846261563,Q2319431
9782846261562,Q2319431
0670914940,Q2319431
9780670914944,Q2319431
9780345273581,Q7600780
0345273583,Q7600780
9781591023098,Q6574423
1591023092,Q6574423
9780917657924,Q6574423
0917657926,Q6574423
9780803782327,Q7601555
0803782322,Q7601555
9781250799050,Q126893369
1250799058,Q126893369
9780595167487,Q3968388
0595167489,Q3968388
9780553050530,Q7602353
0553050532,Q7602353
9780819567147,Q7602353
9780450025761,Q492207
0450025764,Q492207
9780441783588,Q492207
9780765389220,Q123112174
0765389223,Q123112174
2277219819,Q2363504
9782277219811,Q2363504
0804172447,Q20645702
9780804172448,Q20645702
1447268970,Q20645702
9781447268970,Q20645702
0593468074,Q20645702
9780593468074,Q20645702
0385353316,Q20645702
9780385353311,Q20645702
0553398075,Q20645702
9780553398076,Q20645702
1443434868,Q20645702
9781443434867,Q20645702
0553397974,Q20645702
9780553397970,Q20645702
1447268962,Q20645702
9781447268963,Q20645702
1447268989,Q20645702
9781447268987,Q20645702
9781509881789,Q20645702
9781529083415,Q20645702
1529083419,Q20645702
9781594138829,Q20645702
1594138826,Q20645702
9780385353304,Q20645702
0385353308,Q20645702
9780553397987,Q20645702
0553397982,Q20645702
9780553545586,Q20645702
0553545582,Q20645702
9781447269007,Q20645702
1447269004,Q20645702
9781489468772,Q20645702
1489468773,Q20645702
9781743532324,Q20645702
9783060357888,Q20645702
9781596068551,Q20645702
8580577071,Q20645702
9788580577075,Q20645702
3492060226,Q20645702
9783492060226,Q20645702
8845280381,Q20645702
9788845280382,Q20645702
9605720981,Q20645702
9789605720988,Q20645702
8361386742,Q20645702
9788361386742,Q20645702
9789520439989,Q20645702
6197115220,Q20645702
9786197115222,Q20645702
9025445403,Q20645702
9789025445409,Q20645702
9722356321,Q20645702
9789722356329,Q20645702
9986399114,Q20645702
9789986399117,Q20645702
9785699979875,Q20645702
5699979875,Q20645702
9786052993491,Q20645702
6052993499,Q20645702
9788416023851,Q20645702
8416023859,Q20645702
9782896942640,Q20645702
2896942645,Q20645702
9788025715949,Q20645702
8025715949,Q20645702
9782743642006,Q20645702
2743642009,Q20645702
9789985335901,Q20645702
9985335902,Q20645702
9789188275127,Q20645702
9783492310239,Q20645702
3492310230,Q20645702
9782743637552,Q20645702
2743637552,Q20645702
9789934553325,Q20645702
9786066098953,Q20645702
6066098950,Q20645702
9788610014372,Q20645702
8610014371,Q20645702
9789533432342,Q20645702
9533432349,Q20645702
9789634062240,Q20645702
9634062245,Q20645702
9788366555839,Q20645702
8366555836,Q20645702
9786003674974,Q20645702
9786230017735,Q20645702
9782896943517,Q20645702
289694351X,Q20645702
9789869170925,Q20645702
9869170927,Q20645702
9788799651269,Q20645702
8799651262,Q20645702
9782253242253,Q20645702
225324225X,Q20645702
9789941350054,Q20645702
9783956390111,Q20645702
3956390113,Q20645702
9788416023912,Q20645702
8416023913,Q20645702
9788281693463,Q20645702
8281693460,Q20645702
3548066593,Q20645702
9783548066592,Q20645702
9783956396311,Q20645702
5040975473,Q20645702
9785040975471,Q20645702
9789612747282,Q20645702
9788366555846,Q20645702
9791158790400,Q20645702
9788580577082,Q20645702
9788202589622,Q20645702
9789612747299,Q20645702
9788727016832,Q20645702
9785041189570,Q20645702
9789463635813,Q20645702
9786084569589,Q20645702
2896942653,Q20645702
9782896942657,Q20645702
2743637358,Q20645702
9782743637354,Q20645702
2370831480,Q20645702
9782370831484,Q20645702
409406026X,Q20645702
9784094060263,Q20645702
0688104517,Q3497490
9780688104511,Q3497490
9780765327918,Q3497490
9780441785650,Q3100824
0441785654,Q3100824
9781984802781,Q929821
2221091035,Q929821
9783453525481,Q929821
9022990214,Q929821
0441790348,Q929821
9780441790340,Q929821
9780399120954,Q7621583
0399120955,Q7621583
9780316123402,Q302026
9781841498942,Q302026
9782253169772,Q302026
9780671741037,Q4359794
0671741039,Q4359794
9781399617253,Q41077597
9780877958130,Q7679827
0877958130,Q7679827
9780380751419,Q7679827
0380751410,Q7679827
0451457633,Q860034
9780451457639,Q860034
9780553232059,Q7691141
0553232053,Q7691141
0689315953,Q2261855
9780689315954,Q2261855
2221069390,Q2261855
9782221069394,Q2261855
9780575068544,Q7701574
057506854X,Q7701574
9780061050923,Q7701574
006105092X,Q7701574
9780575083332,Q7701574
9780575077188,Q7702704
9780441018666,Q7702704
9780575084933,Q7702704
0575084936,Q7702704
9780063002890,Q109942843
0063002892,Q109942843
2702104339,Q3209114
9782702104330,Q3209114
1841491551,Q901913
9781841491554,Q901913
1597800449,Q901913
9781597800440,Q901913
9780439993586,Q129929
043999358X,Q129929
9780440418566,Q129929
0440418569,Q129929
9788466618632,Q129929
9788466636254,Q129929
8466636250,Q129929
9788025724453,Q129929
9788025734896,Q129929
0765309416,Q7713709
9780765309419,Q7713709
9780441023806,Q128324
0441023800,Q128324
9780441004010,Q128324
0441004016,Q128324
9782277220114,Q128324
2277220116,Q128324
8085632365,Q128324
9788025730720,Q128324
0765303302,Q7714290
9780765303301,Q7714290
9781597804875,Q44391758
0312931999,Q7718935
9780312931995,Q7718935
9780879975876,Q600821
0879975873,Q600821
9782266012171,Q600821
2266012177,Q600821
0684125900,Q1132953
9780684125909,Q1132953
0307455793,Q19363462
9780307455796,Q19363462
030727103X,Q19363462
9780307271037,Q19363462
9780765378385,Q63965925
9781466861244,Q63965925
0330347586,Q3221351
9780330347587,Q3221351
8806140345,Q3221351
9788806140342,Q3221351
9780312930370,Q3234516
0312930372,Q3234516
1857237307,Q3822080
9781857237306,Q3822080
9782277222484,Q3221113
2277222488,Q3221113
9780765329516,Q18205890
9780575088979,Q18205890
9788072527984,Q76548367
0044403933,Q7722439
9780044403937,Q7722439
031205002X,Q7722439
9780312050023,Q7722439
9780312875626,Q2947797
9780812579925,Q2947797
0312873840,Q1099716
9780312873844,Q1099716
3453521056,Q1099716
9783453521056,Q1099716
0230741916,Q3520291
9780230741911,Q3520291
1405000171,Q3520291
9781405000178,Q3520291
0345497511,Q3520291
9780345497512,Q3520291
2265090654,Q3520291
9782265090651,Q3520291
9788076176942,Q3520291
0356512673,Q95075560
9780356512679,Q95075560
9788027508051,Q95075560
9780765309303,Q3066138
0765309300,Q3066138
9782221108772,Q3066138
0671413708,Q3209610
9780671413705,Q3209610
9788027702954,Q3209610
9781597802277,Q44391460
9788074790638,Q29344605
034540856X,Q7726654
9780345408563,Q7726654
3453521714,Q7726654
9783453521711,Q7726654
0553051296,Q7726969
9780553051292,Q7726969
0399114815,Q3231611
9780399114816,Q3231611
9780060523862,Q4424499
0060523867,Q4424499
9780060733353,Q4424499
9788071976585,Q4424499
0345312244,Q7728249
9780345312242,Q7728249
0380979012,Q2665745
9780380979011,Q2665745
0312866240,Q7728917
9780312866242,Q7728917
9780399120312,Q3063449
0399120319,Q3063449
9781784971588,Q607276
9780670260775,Q466790
0670260770,Q466790
9788075931283,Q466790
9781616142049,Q1706316
1616142049,Q1706316
9781616145453,Q1706316
1616145455,Q1706316
9780345501172,Q44900825
9780553096095,Q543562
0553096095,Q543562
9780140270372,Q543562
014027037X,Q543562
9780575047624,Q466103
0575047623,Q466103
9780553294613,Q466103
9780060125639,Q467720
0060125632,Q467720
9780061054884,Q467720
0671417762,Q1189364
9780671417765,Q1189364
0345368940,Q3231919
9780345368942,Q3231919
2221003721,Q2527160
9782221003725,Q2527160
0671475525,Q7730855
9780671475529,Q7730855
1250269016,Q7730855
9781250269010,Q7730855
0345350502,Q1448428
9780345350503,Q1448428
9780553274813,Q3823380
0553274813,Q3823380
9780819563361,Q2441281
2720100889,Q2441281
9782720100888,Q2441281
8445071041,Q2441281
9788445071045,Q2441281
9780593160022,Q466196
0593160029,Q466196
9780593160060,Q466196
0593160061,Q466196
0553382918,Q12737230
9780553382914,Q12737230
9781597802932,Q44391610
9781841493497,Q7732767
0879974982,Q3228178
9780879974985,Q3228178
2266011855,Q3228178
9782266011853,Q3228178
2221069579,Q2362526
9782221069578,Q2362526
0385249500,Q2362526
9780385249508,Q2362526
0312866186,Q7733416
9780312866181,Q7733416
0807062995,Q3202654
9780807062999,Q3202654
9780575094994,Q3202654
9780316229296,Q25217632
9788466661690,Q25217632
9788075775603,Q25217632
8592795230,Q25217632
9788592795238,Q25217632
9780879973230,Q3213211
0879973234,Q3213211
0312298900,Q5406934
9780312298906,Q5406934
0312930216,Q7734817
9780312930219,Q7734817
0152055363,Q7734828
9780152055363,Q7734828
9782226009371,Q786025
222600937X,Q786025
0575088923,Q11859870
9780575088924,Q11859870
9781616962524,Q62604562
9780765392107,Q100330025
9780356511238,Q100330025
9788027505326,Q100330025
9781473647671,Q106259289
9788027510559,Q106259289
0575051698,Q1219119
9780575051690,Q1219119
9780553072617,Q1219119
8520905846,Q1219119
9788520905845,Q1219119
9788074790676,Q7736268
0575049065,Q3222682
9780575049062,Q3222682
9782207260203,Q3223113
2207260208,Q3223113
9780765365682,Q19364463
9780385027014,Q389750
038502701X,Q389750
0345310950,Q7736949
9780345310958,Q7736949
0312848706,Q1154138
9780312848705,Q1154138
9780441006434,Q3227494
0441006434,Q3227494
0886776910,Q7737067
9780886776916,Q7737067
0062110837,Q16994283
9780062110831,Q16994283
0060530928,Q1168659
9780060530921,Q1168659
0061712825,Q1168659
9780061712821,Q1168659
9788073322304,Q1168659
9784150112356,Q3140584
4150112355,Q3140584
9780553095579,Q3140584
0553095579,Q3140584
0441373674,Q7739431
9780441373673,Q7739431
9780879971892,Q3203913
0879971894,Q3203913
2226069054,Q1171420
9782226069054,Q1171420
9780316043922,Q3231338
9782360510238,Q3231338
9780356501505,Q7741197
9780356501499,Q7741197
0345312708,Q3521397
9780345312709,Q3521397
9780571104444,Q1623320
0571104444,Q1623320
9782702100035,Q1623320
2702100031,Q1623320
0688131743,Q3822355
9780688131746,Q3822355
0380720981,Q3822355
9780380720989,Q3822355
9788025735169,Q3822355
0575070528,Q3204648
9780575070523,Q3204648
0020381204,Q3204648
9780020381204,Q3204648
9781250827517,Q127162257
1250827515,Q127162257
9780356500768,Q7744372
9788027506767,Q7744372
0765308509,Q7744389
9780765308504,Q7744389
9780316043946,Q21953042
9780991354672,Q105491858
9780765316974,Q7745634
0312860447,Q7745810
9780312860448,Q7745810
1594745765,Q7745946
9781594745768,Q7745946
9781473234178,Q132062
9780060512743,Q132062
9780684125299,Q132062
9780380013203,Q132062
9781857989519,Q132062
0586038418,Q132062
9027407649,Q132062
9781416556961,Q132062
9781668017401,Q132062
3453302508,Q132062
393789716X,Q132062
884291360X,Q132062
9781473225947,Q2008211
9782253113164,Q2008211
9780671640941,Q589959
0671640941,Q589959
9780671695323,Q589959
9780553804676,Q1608505
0553804677,Q1608505
9780575079755,Q1608505
0575079754,Q1608505
9780575076945,Q1608505
9788024287676,Q1608505
0765311321,Q7747225
9780765311320,Q7747225
9780857668233,Q62113879
1481447963,Q62113879
9781481447966,Q62113879
1481447971,Q62113879
9781481447973,Q62113879
9780991354665,Q105476388
0399123814,Q3063803
9780399123818,Q3063803
9185668141,Q749783
9788025718087,Q749783
9783453164116,Q749783
0345234464,Q7750537
9780345234469,Q7750537
9780312930363,Q3234544
0312930364,Q3234544
0312890761,Q7751049
9780312890766,Q7751049
9781645660071,Q109302531
1645660079,Q109302531
9788445009833,Q102036201
0765344556,Q7751615
9780765344557,Q7751615
0671559583,Q7752150
9780671559588,Q7752150
4150102074,Q1410482
9784150102074,Q1410482
0671567659,Q3210153
9780671567651,Q3210153
1931520038,Q7752464
9781931520034,Q7752464
0553592653,Q7753234
9780553592658,Q7753234
9781841496481,Q7754103
0449130703,Q2703133
9780449130704,Q2703133
9780316229265,Q30337352
9788466662673,Q30337352
9788075779816,Q30337352
0062255657,Q14548336
9780062255655,Q14548336
9780062272348,Q14548336
9788025732861,Q14548336
9780151006847,Q717326
0151006849,Q717326
9781501977657,Q56277009
9788073356422,Q56277009
9780345504968,Q1199882
0399158448,Q7756730
9780399158445,Q7756730
0425276236,Q7756730
9780425276235,Q7756730
9780670921560,Q7756730
0241961009,Q7756730
9780241961001,Q7756730
0698170709,Q7756730
9780698170704,Q7756730
1101619872,Q7756730
9781101619872,Q7756730
0553545922,Q7756730
9780553545920,Q7756730
8374806397,Q7756730
9788374806398,Q7756730
8804678917,Q7756730
9788804678915,Q7756730
9785389095243,Q7756730
9897731520,Q7756730
9789897731525,Q7756730
9786190103936,Q7756730
8416867496,Q7756730
9788416867493,Q7756730
6586064198,Q7756730
9786586064193,Q7756730
9788689595505,Q7756730
9786155468933,Q7756730
9783608501247,Q7756730
9789605212827,Q7756730
9783426522066,Q7756730
9788024266084,Q7756730
9863597317,Q7756730
9789863597315,Q7756730
9788374806978,Q7756730
9791030702132,Q7756730
9785389101654,Q7756730
9789897733161,Q7756730
3961540624,Q7756730
9783961540624,Q7756730
8419449261,Q7756730
9788419449269,Q7756730
9780333471104,Q467139
0333471105,Q467139
9781857231465,Q467139
1857231465,Q467139
9788427016057,Q467139
8427016050,Q467139
9788088321125,Q467139
9780062662569,Q56491386
9780062662590,Q56491386
9780008239848,Q56491386
9788027510252,Q56491386
9788027515660,Q56491386
9780553051070,Q467225
9782277222613,Q467225
2277222615,Q467225
9788470024009,Q467225
8470024000,Q467225
9788027700288,Q467225
0553239929,Q7757993
9780553239928,Q7757993
0575077166,Q3522305
9780575077164,Q3522305
9780575082182,Q3522305
9788073873004,Q3522305
0671719246,Q944991
9780671719241,Q944991
2207251497,Q944991
9782207251492,Q944991
8071747394,Q57272114
0553050958,Q7758618
9780553050950,Q7758618
0312890621,Q3412968
9780312890629,Q3412968
9780575088887,Q6303649
0575088885,Q6303649
9780765367662,Q6303649
0765367661,Q6303649
9780575079335,Q7759106
9780575083554,Q7759106
0765329107,Q7759446
9780765329103,Q7759446
1429944919,Q7759446
9781429944915,Q7759446
9781781167441,Q7759446
9780356507026,Q69566723
9780345340962,Q4340237
0345340965,Q4340237
9780812530148,Q3818561
0812530144,Q3818561
0932096034,Q2738255
9780932096036,Q2738255
9780030213762,Q2738255
2277238937,Q2738255
9782277238935,Q2738255
9788024268453,Q2738255
0345358619,Q2295267
9780345358615,Q2295267
9789029051514,Q2295267
2221086341,Q2521688
9782221086346,Q2521688
0307265439,Q1140295
9780307265432,Q1140295
0330513001,Q1140295
9780330513005,Q1140295
0307387895,Q1140295
9780307387899,Q1140295
9780385184007,Q440784
9780553299496,Q440784
9780307490247,Q440784
0307490246,Q440784
9788497599559,Q440784
8497599551,Q440784
9782277216025,Q440784
227721602X,Q440784
9781250847386,Q125198708
1250847389,Q125198708
0446533025,Q7762126
9780446533027,Q7762126
9780345460011,Q602216
0345460014,Q602216
9780333781746,Q602216
0333781740,Q602216
9788076179608,Q602216
9782265077430,Q602216
2265077437,Q602216
9782207255773,Q3213011
2207255778,Q3213011
9788027702947,Q1150125
0060105585,Q3227879
9780060105587,Q3227879
0312022824,Q897685
9780312022822,Q897685
9781857988840,Q2294155
0340028769,Q2294155
9780340028766,Q2294155
9781857239676,Q40860689
9780803777392,Q782075
0803777396,Q782075
9780345332196,Q472368
9782226026750,Q472368
2226026754,Q472368
076531746X,Q7765299
9780765317469,Q7765299
0679451501,Q3224638
9780679451501,Q3224638
1841491411,Q3120527
9781841491417,Q3120527
9780345234360,Q3214259
0345234367,Q3214259
9780385121682,Q149552
0385121687,Q149552
9780385199575,Q149552
0385199570,Q149552
9788075932358,Q149552
9780857666611,Q55653446
9782221038413,Q3203783
222103841X,Q3203783
9780356508689,Q39058554
9788027503391,Q39058554
9781534409637,Q100324066
1534409637,Q100324066
9781481466516,Q100324066
1481466518,Q100324066
9780441790555,Q151550
9781892391797,Q151550
9788496208001,Q151550
8496208001,Q151550
9780060523879,Q7767840
9780099463368,Q7767840
9781399725361,Q133842917
9788075934017,Q462454
0151005672,Q2623688
9780151005673,Q2623688
9788090612419,Q2623688
0316421995,Q93552114
9780316421997,Q93552114
9788076611382,Q93552114
9780061053108,Q3062494
0061053104,Q3062494
0593149092,Q60786692
9780593149096,Q60786692
9780575127739,Q59537236
9780765377067,Q607112
9787536692930,Q607112
7536692935,Q607112
0002246090,Q2531100
9780002246095,Q2531100
9780156029438,Q1212645
9788425339622,Q1212645
9782749902371,Q1212645
8573026162,Q1212645
9788483460474,Q1212645
9780399133145,Q471142
0399133143,Q471142
9780441007332,Q277911
0441007333,Q277911
9780441004331,Q124022063
0441004334,Q124022063
0671440667,Q1138582
9780671440664,Q1138582
9781524736262,Q27957817
0345804325,Q27957817
9780345804327,Q27957817
0099769417,Q7771659
9780099769415,Q7771659
2070307549,Q2502176
9782070307548,Q2502176
0345313860,Q1193680
9780345313867,Q1193680
0671720147,Q3655248
9780671720148,Q3655248
8466627847,Q3655248
9788466627849,Q3655248
9781841492568,Q3548969
1841492566,Q3548969
9782266107457,Q3222431
2266107453,Q3222431
0399127216,Q2741407
9780399127212,Q2741407
0425067572,Q2741407
9780425067574,Q2741407
9781597801584,Q92630
9780893661342,Q3235592
0893661341,Q3235592
0345339762,Q7776103
9780345339768,Q7776103
9780747585169,Q4352956
0307455475,Q4352956
9780307455475,Q4352956
9788402421180,Q4352956
9780441942015,Q3202109
0441942016,Q3202109
0553109200,Q963586
9780553109207,Q963586
9780007149827,Q603645
0007149824,Q603645
0441805574,Q15034311
9780441805570,Q15034311
9780879978570,Q1760447
0879978570,Q1760447
849617316X,Q2567510
9788496173163,Q2567510
0345323866,Q7798123
9780345323866,Q7798123
2841720713,Q3054135
9782841720712,Q3054135
9780575033368,Q3939312
0575033363,Q3939312
0002257688,Q74378
9782266177184,Q74378
0399111514,Q2274025
9780399111518,Q2274025
8842903345,Q2274025
9788842903345,Q2274025
9780312805173,Q108305801
0312805179,Q108305801
0671253271,Q2894715
9780671253271,Q2894715
9780399123269,Q4354440
0399123261,Q4354440
9780002254243,Q779016
0002254247,Q779016
9780061052590,Q779016
9780553587173,Q7810889
0399132678,Q2870228
9780399132674,Q2870228
0553099957,Q2719299
9780553099959,Q2719299
9783453187832,Q2719299
0553378082,Q7820291
9780553378085,Q7820291
9780765378002,Q29649659
9782843449581,Q29649659
9780684105444,Q1645333
0684105446,Q1645333
0756409098,Q27892869
9780756409098,Q27892869
0575074302,Q7833847
9780575074309,Q7833847
9780316731072,Q3997517
0316731072,Q3997517
9780316731089,Q3997517
9780356517926,Q120482895
0446517801,Q7843661
9780446517805,Q7843661
0553229796,Q7844314
9780553229790,Q7844314
9780819562982,Q7844314
9780879975401,Q3224088
0879975407,Q3224088
0670068098,Q7883104
9780670068098,Q7883104
9781439148501,Q435722
1439148503,Q435722
9788401337529,Q435722
8401337526,Q435722
9788075930002,Q435722
0345325850,Q3235720
9780345325853,Q3235720
9780743444972,Q3235720
0743444973,Q3235720
0804179034,Q20992497
9780804179034,Q20992497
9788075777010,Q20992497
1405052082,Q7919226
9781405052085,Q7919226
0330444336,Q7919226
9780330444330,Q7919226
0140157727,Q897105
9780140157727,Q897105
0670840815,Q897105
9780670840816,Q897105
0553074997,Q897105
0756409101,Q27897598
9780756409104,Q27897598
1597800872,Q7939592
9781597800877,Q7939592
9780765323422,Q3563140
9780765363206,Q3563140
0670067415,Q7960897
9780670067411,Q7960897
1848631944,Q7960989
9781848631946,Q7960989
0765392763,Q30068660
9780765392763,Q30068660
0345289951,Q7962593
9780345289957,Q7962593
9780399182112,Q96650197
9788024272283,Q96650197
9780020248712,Q427110
0020248717,Q427110
0575082046,Q7978347
9780575082045,Q7978347
9780553050653,Q3497225
0553050656,Q3497225
8071930091,Q3497225
9788024263441,Q3497225
0060146540,Q3135306
9780060146542,Q3135306
9788075775894,Q17071479
0385151608,Q8000801
9780385151603,Q8000801
9788025731543,Q3235534
9780441003341,Q4020470
0441003346,Q4020470
9781250826794,Q124435017
9780839823551,Q3202276
083982355X,Q3202276
1250162688,Q73550637
9781250162687,Q73550637
9780399124723,Q3491166
0399124721,Q3491166
0312850565,Q2915294
9780312850562,Q2915294
2221073843,Q2915294
9782221073841,Q2915294
9780575083585,Q80594518
9781250269300,Q109591793
0451461290,Q8059676
9780451461292,Q8059676
1597801747,Q8069036
9781597801744,Q8069036
0575086173,Q8069036
9780575086173,Q8069036
0575086181,Q8069036
9780575086180,Q8069036
9780765316981,Q8073247
0307455173,Q17066538
9780307455178,Q17066538
9781770098183,Q622647
