work_qid,topicality
Q1213656,0.22108025208670393
Q18208798,0.19018829866512071
Q3414362,0.20221061920230218
Q519935,0.2673462378942208
Q586831,0.22842264365543613
work_qid,topicality
Q122425717,0.22235697891525102
Q18393643,0.249217071684931
Q2294155,0.28709656443838727
Q492207,0.232305227929506
work_qid,topicality
Q1659714,-0.27927204104761333
Q2560269,0.3597709373079315
Q3305686,0.24736439622458936
Q429159,0.3451743324358834
work_qid,topicality
Q1032182,0.39679944484322116
Q15033625,0.42518924165145106
Q3224655,0.3696886748783977
Q4014872,1.0891741733883753
Q929821,0.4284899947640536
work_qid,topicality
Q1986393,-0.6957572566224413
Q3233220,-0.553872457428861
Q3522940,0.43453423971148136
Q749783,-0.3800251237406518
work_qid,topicality
Q2538455,0.518803162365002
Q3202276,0.4053967691363387
Q41359,-0.34898208781242795
Q427110,0.3975307972663018
work_qid,topicality
Q3019177,-0.2177290968894692
Q3227984,0.32951601286198995
Q3795985,0.2887164309360189
work_qid,topicality
Q1193211,0.3483700434127828
Q122452500,0.2269085406036047
Q122452511,0.2447276885369599
Q122452512,0.21999179314009068
Q1317915,0.25200742652448305
Q15033660,0.32559886348245237
Q16271791,0.2349998182735028
Q190192,-0.1737115012329558
Q2567510,0.23360624361704105
Q3214259,0.2819586566416031
Q3701169,-0.06995322209637207
Q3773220,0.2332236966719946
Q3878987,-0.21483072472905623
Q3896637,0.28266110609864353
Q4189821,0.2424662855180699
work_qid,topicality
Q122463813,0.3484639931489453
Q1410482,-0.352751144958078
Q2722309,0.32860940957858875
Q3235592,0.32281903350208896
Q3535592,-0.29850511685935105
work_qid,topicality
Q2441281,0.2899331260704625
Q3548730,0.17827724530092767
Q4501974,0.25685388549998117
Q734976,0.22934853839339386
Q7720810,0.17996138462824401
work_qid,topicality
Q1416458,-0.36352600055867207
Q21013594,0.496382806305142
Q2492513,0.423812289729541
Q3224465,0.4740708309481101
Q3345309,-0.45254131731452063
Q3433284,0.4809743804560563
Q4920715,1.5073319784497365
Q605249,0.37322669388463225
Q7750537,0.36616753076321623
work_qid,topicality
Q2008211,-0.2927573379324491
Q2077422,-0.5287490909627683
Q265954,0.45707654552879695
Q3157123,0.42278302334965295
Q3204648,0.4049331343885688
Q3235720,0.4102838092922895
Q6725637,0.41262996521354006
work_qid,topicality
Q122452514,-0.4842288326945607
Q1505793,0.5897036211243767
Q1645333,0.42428746714561566
Q1968531,-0.46051729506081934
Q3202109,0.43947329367859755
Q4753290,0.45268667809052227
Q5476126,-0.44972120482105515
Q7600780,0.44560537536012834
work_qid,topicality
Q122452515,0.6652029398429111
Q122452516,0.6544420974457765
Q122452517,-0.6194474257813687
Q132062,0.6796779212207158
Q1989233,-0.7567381360776667
Q2491758,0.7005972954397941
Q2502043,0.6656836937721635
Q2976056,0.612155684060868
Q5641738,-1.1561887096539385
work_qid,topicality
Q1132953,0.5862364257506211
Q1199660,0.8053546122748985
Q122452518,0.5709671694699371
Q2916242,0.5918078426470015
Q3227879,-0.6213787571691974
Q3576636,0.622714288876574
Q389750,0.5785670814497574
Q4226027,0.6260426799776616
Q4313991,0.4543924971137897
Q4899922,0.6052123336088685
Q7747544,0.5796615989581855
work_qid,topicality
Q1212160,0.6118655034991951
Q2274025,0.6199503104703643
Q2391947,0.6119134872816343
Q3203833,0.5579671342335284
Q3225561,0.6040133446866871
Q741222,-0.6021988420378855
Q929165,0.6108266848400111
work_qid,topicality
Q1190888,0.7960829431428056
Q1239229,-0.6374250194606775
Q1623320,-0.44774181541019514
Q4635159,0.6229735606517771
Q4658233,-0.6190703609129162
Q467720,0.6417877097477545
Q7734828,0.58911187299554
Q7736949,-0.6209054607801421
Q874492,0.6330158029982067
work_qid,topicality
Q1219705,0.5413058766131805
Q122452519,0.5435634328924238
Q122452520,-0.5281944807273293
Q122452521,0.5537391654018256
Q122452522,-1.1692771763319314
Q122452568,0.5712211510589715
Q13725678,0.5818197504568058
Q3202654,-0.5429329849167343
Q3202927,0.570901688866706
Q3203783,0.5482588284513651
Q3203913,0.4512060194930739
Q3231611,-0.5259822361300845
Q3706366,0.557333937190944
Q4040445,0.6396445538825494
Q5406934,-0.47907216912321915
Q664034,-0.7716159773395106
Q7100118,-0.4985925610964358
Q737910,0.5734540066751688
work_qid,topicality
Q122452523,0.42480127991130395
Q1448428,0.42875133858361725
Q2377008,0.40972914272153715
Q3135306,0.6429683898368594
Q3224982,0.4108838226362825
Q3397724,-0.40645912394720934
Q3481184,0.39970790879364376
Q437365,0.4464731905195886
Q7713244,0.4374729671771334
Q7844314,0.4025916390259507
work_qid,topicality
Q108305801,-0.37395464965601344
Q1198489,0.3303427793725441
Q122452524,0.3485114584052639
Q122452525,0.3653678744773592
Q122581061,0.33839957692159117
Q122581064,0.3387994919085009
Q122581066,0.35416478984242833
Q122581069,0.34385987890573033
Q135165,0.3495921025251201
Q23307134,0.3120574151640794
Q2527160,0.33769069477806846
Q3015377,-0.38075093018335693
Q3063449,0.34060936869431135
Q3207217,-0.21136907194724658
Q3213211,0.2968773949813268
Q3220787,-0.36088407552174595
Q3835810,0.34480906959390045
Q471741,-0.27231364589282975
Q5944644,0.3384203857823577
Q60839408,0.3752919467925911
Q65129562,0.332409466783094
Q651682,-0.33578824578684796
Q6835650,-0.33197292208972307
Q6842848,0.33487270902437666
Q738937,0.37287775750579377
work_qid,topicality
Q122424910,0.8107439523883734
Q149552,-0.8382249667145714
Q3109139,0.8419246985075605
Q3222431,0.8788491402706265
Q55605603,0.6611521721040262
Q598315,0.7942934460831337
Q6353404,0.7772414831382497
Q7621583,-0.33360613804369016
work_qid,topicality
Q11519513,-0.25926134754787744
Q122452526,0.32339791196434503
Q131345449,0.32642939669246496
Q131374845,0.33301082959725903
Q131374854,0.37084319923460835
Q131413631,0.34833646661245715
Q19355880,0.3441116964182719
Q3176923,0.3357668130210423
Q3227589,-0.31770347804117466
Q3228178,-0.29820429093910833
Q3235696,0.3308366102997094
Q3505071,-0.32968871524057125
Q3997040,0.37948939767370826
Q4354234,0.3275934150460069
Q4354440,-0.35194643749855176
Q466790,0.5179228430765446
Q5377731,0.3267930374186836
Q55635626,0.32680333621377977
Q5663569,0.34626689050461296
Q6154663,0.3201915502710436
Q7339610,0.32639072138890574
Q7601555,-0.19052936105003884
Q7771659,0.32678262499692307
Q780585,0.34451543742958923
Q786025,0.3232878610916837
Q9355464,0.3325411745886961
Q96392366,0.25205364278255876
Q96410644,0.2778444914028226
work_qid,topicality
Q104854337,-0.7667835451053593
Q110598546,-0.7481618189543521
Q1150125,-0.7006337536496433
Q131374930,-0.777941406571893
Q131374931,-0.7048435250717007
Q131374937,0.7444258943372902
Q131374938,0.8003485012627829
Q131374955,0.7385791779195358
Q20084641,0.7499542323290839
Q2344912,0.7088147756991972
Q2703133,0.7665298256817611
Q2738255,-0.8646405081807729
Q2894715,0.7476927445353001
Q3063803,0.7623727168601039
Q3204463,-0.7181936498810438
Q3205839,0.7401237885097707
Q3221363,-0.6006469412249794
Q3224088,0.7456750571408814
Q3234507,0.7543564229938677
Q3491166,0.7429426703566815
Q538742,0.7515214590239014
Q5451887,0.7592513893407564
Q5580438,0.6968338117796234
Q7455078,0.7514966591493881
Q7460739,-0.7828629520039547
Q7798123,0.7353435871882766
Q782075,-0.7389944861595041
Q8000801,0.7361616797650775
Q828031,-0.7195152687653111
Q85742917,-0.7432178376755304
Q96406025,0.7593103852270844
work_qid,topicality
Q10354447,-0.6317065987918499
Q107259794,0.6336977108682769
Q11479750,0.6236189362349531
Q117321862,-0.6311175743042052
Q1189364,-0.6245130682148043
Q131374996,0.6357809358967015
Q131374998,-0.6243454622505772
Q131375009,0.6239669507442278
Q131375052,0.6250479763179014
Q131375075,0.6306175285406571
Q131375083,0.6357371973933873
Q1320318,0.6246283556534348
Q17030695,-0.6122518986037863
Q1751584,-0.6090807576597342
Q18208339,-0.6206769944927487
Q2906934,-0.6113734473416547
Q3203368,-0.6378815188086215
Q3209114,0.6369182628435686
Q3209610,-0.6153099562339477
Q3231715,-0.6087047137488698
Q3235534,0.634250380019831
Q3417058,-0.5679500427141904
Q3549108,0.6250352936346123
Q401619,0.6384477635011764
Q46590021,0.6256622750935176
Q5306348,0.6165224881916186
Q5306426,-0.6221754742793887
Q600821,0.6263268687578017
Q6411423,0.6334272063118808
Q6547848,0.6276444738758867
Q7074477,0.6143782656952615
Q7332458,0.6402071396559068
Q7727556,-0.6360813402011536
work_qid,topicality
Q1138582,-0.40769672607337953
Q128324,0.4605261541493225
Q131375459,-0.46546287345766924
Q131375460,-0.4776372331472836
Q131375476,0.7297861714544228
Q15034210,0.45742463151321255
Q16386980,0.4375438287218303
Q1641639,0.4589786685210227
Q1760824,0.45692952576040313
Q2741407,0.458023467355622
Q2915854,0.46204662924310297
Q3205411,0.6382317226333862
Q3363230,-0.4594651374548176
Q4355719,-0.4496273692563501
Q4917091,0.4653018475576695
Q5191354,0.4906767608799425
Q5422666,0.43749883964895275
Q56358274,-0.5099844466283318
Q57272114,0.45242166601409123
Q6863847,0.4788381355427525
Q7050019,0.4411469325907007
Q721,-0.42708838002986205
Q7729791,0.42570187893544864
Q8026488,0.2720908728550489
Q932592,-0.46594018804056697
Q96371325,-0.44227439112653566
Q964451,-0.4555965029500825
Q97173155,-0.43687272166862146
Q97357253,-0.4056483846216955
work_qid,topicality
Q104856775,0.8572171997781722
Q107259782,0.7290813375107271
Q12729921,-0.7013978285272993
Q131375488,-0.7019514812524291
Q131375498,0.7255402020877111
Q131375501,0.7060836847604804
Q131375507,-0.7089745699481117
Q131375511,-0.7060249966336252
Q1760447,0.688352933116006
Q2000356,1.0819841301638575
Q2363504,0.6870883844294411
Q3207442,-0.6769701503528768
Q3208081,0.7189540232939026
Q3314300,0.7017703212630895
Q3553617,0.7266823991312162
Q3627649,-0.6696576528761476
Q3790023,0.6886683503998597
Q3939312,0.7273956091666839
Q440784,0.7328545525072907
Q5140094,0.7117343831465933
Q516848,0.7292739981806351
Q7102801,-1.0782793287416887
Q742226,-0.6313006852195295
Q7691141,0.7157339276540768
Q7714277,0.7472414266819939
Q7728249,0.7281915160108438
Q7730855,-0.7125005271774382
Q7962593,0.7358079854854785
Q96402429,-1.019300783475029
Q97279628,-0.7158062369593788
Q97355160,-0.5974223432661634
Q97452915,0.6907357101352428
Q97656902,0.3247438784002901
work_qid,topicality
Q1010653,0.6241705814872756
Q104856777,0.624316835818063
Q122452527,0.6248338566067672
Q122452528,0.627683909830886
Q131375517,-0.6300954163938096
Q131375520,0.6252024919611026
Q131375939,0.6230454049434222
Q131375943,-0.6275335727605061
Q131375944,-0.6075276465152913
Q15034311,0.620805181065534
Q1770433,0.6331696714248539
Q2113191,0.6235096653809324
Q21558225,-0.5437034217057063
Q23307323,0.624817555648119
Q3072613,0.6336062288205472
Q3207474,0.6217451460093925
Q3223113,0.6241459526012922
Q3233818,0.6233322096552034
Q3497225,0.6263003495553303
Q3521397,-0.6274814598949644
Q3880662,0.6234247375528653
Q437353,-0.5330763083725873
Q462454,0.6241036642016228
Q4676501,0.6165268451816139
Q4779520,-0.6303576697745507
Q5256189,0.6276069656272159
Q5370535,0.621536413149849
Q5499909,0.6218105826916875
Q55611649,0.6207887752583606
Q56353084,0.6249760630067125
Q5980640,-0.5960810494644119
Q662029,0.6299412696922794
Q6980071,-0.6087056259792879
Q751752,0.6232243576072656
Q7602353,0.6264250817360767
Q7757993,0.6207169999703135
work_qid,topicality
Q1055813,-0.7365229678267879
Q1059371,0.7092227175237216
Q1193680,0.7469309064941079
Q131376008,0.7072026898385422
Q131376024,0.665837774144597
Q131376032,-0.6956934971300035
Q131376046,0.7174591684065761
Q131376050,-0.029859537936468686
Q131415839,0.7357876144700906
Q16651119,-0.6748240360074986
Q1928866,-0.7273532401415502
Q19947732,0.7341493828942095
Q20379672,0.7056428087520499
Q2652159,0.7166979873966535
Q27231256,0.7273365879892284
Q282814,-0.6281178665482937
Q29468815,-0.7299779147511973
Q3205842,0.717526927787927
Q3221113,0.7325766314687756
Q377230,0.7308705033862866
Q3795023,-0.733548149675732
Q3968388,0.7159995632559217
Q467225,0.8115161259878557
Q4677090,-0.731621955937652
Q489581,0.7317505449974369
Q4899208,0.6054155359088496
Q5097878,-0.041543270645150565
Q5243636,0.7020591529305635
Q741013,0.7139482952547581
Q75551719,0.6955208219515954
Q7728783,0.7189023823130088
Q7750979,0.6633829273264518
Q7758618,0.6803380897140126
Q816016,-0.802378567065368
work_qid,topicality
Q104841827,0.3119892509985955
Q104871743,0.30046148926512795
Q1050014,-0.29989183221939286
Q122452530,0.2992673790047726
Q131376058,-0.26611378848180567
Q131376069,0.3004266921437424
Q131376186,0.29877736619413797
Q131376192,0.2632100771999853
Q131376193,0.30129491267080766
Q15034137,0.27607435615110476
Q1541914,-0.2897570657151941
Q2291295,-0.2817887223510267
Q23712215,0.30182868380745725
Q2384854,0.2961015086935406
Q3009663,0.2983532303505525
Q3207044,-0.3034461333301247
Q3209152,0.3117809336748983
Q3489256,0.3014050572475193
Q459303,0.3048510180496188
Q4656557,0.3044376626555281
Q472368,-0.3095138411202515
Q5692425,-0.2917148883104406
Q602288,0.31595992862751215
Q6574423,0.30395665071623923
Q676256,0.2926973438130221
Q764902,-0.2920197148945505
Q7679827,-0.2935919635581826
Q7726969,0.30265864492329836
Q7739431,0.14239758162866462
Q7752150,0.30181298085905894
work_qid,topicality
Q104861807,0.5783370995522471
Q11931779,-0.5793654388331939
Q122452531,0.5629709672930788
Q131376209,0.5781826484324202
Q131376241,0.5772536885641042
Q131376294,0.6072705472352085
Q131376297,0.5765054959848558
Q1446005,0.5732623435681675
Q15032905,0.5858240987187373
Q15094076,0.5786136003194106
Q1590481,0.5831264734589053
Q1660753,0.5714935776310596
Q2076975,0.5696202231346726
Q212718,0.5777150532151569
Q2502176,0.5859285390810376
Q2749482,0.5727292972327688
Q2870228,0.5808415077615612
Q3115799,0.6046769065479292
Q3142271,0.5739121759964615
Q3209553,0.5777257607365798
Q3225052,0.581335278239425
Q3427581,0.5767063379265132
Q3725406,0.5764359654007803
Q4004282,0.5716020888534687
Q4015958,0.5790722608315246
Q4359794,0.5843917058326917
Q467017,0.5807582432855001
Q471142,0.575677079003719
Q48816299,0.5847985426944554
Q5140010,0.576963818301562
Q5302472,-0.5705644908244839
Q589959,0.5782374268755478
Q6544117,0.5935789618875978
Q6544767,0.5503499137699978
Q6550348,0.5847238848079253
Q7734817,0.5715466087431473
Q7764931,-0.5809647226451838
Q7908040,0.5794133740476135
Q7939592,0.5774186871753301
Q9321397,0.5966533186658444
work_qid,topicality
Q11888750,0.5990331611590138
Q11889107,0.607561057532603
Q122452532,0.5111363063719824
Q131376299,-0.08852983098243193
Q131376305,0.6221199333785524
Q131376311,0.6360657445689816
Q131376341,0.5431930381381035
Q131376342,-0.6200428310058442
Q131376345,0.7881390128644084
Q131376346,0.6091229700418774
Q131376352,0.6271537335888363
Q131414061,-0.5444343035530369
Q15033985,-0.2588434363251404
Q15445391,0.6254097133561615
Q16566978,0.5491070522451051
Q2252121,-0.5975328704587192
Q2421826,0.5965367657261563
Q2703898,0.6045926558329825
Q2737699,-0.6224028237288696
Q28452520,-0.6021398258655922
Q3156335,0.5859143187476537
Q3226029,0.6125166795086147
Q3233629,-0.6567967837099322
Q356107,0.6013106710089997
Q3823380,0.5943460251626175
Q467139,-0.5935245478988074
Q5451628,-0.30855393866517916
Q60791951,0.5999494592230866
Q6426705,0.593217824384325
Q663215,-0.5793585055721947
Q7539895,0.5992612656880677
Q783533,0.6015049949405358
Q7990197,-0.6254052202641883
Q80565519,-0.5811215110180876
Q897685,0.6054995968673723
Q99030036,0.6566921354953666
work_qid,topicality
Q11864746,0.38214332363414616
Q122452533,0.34142518439926317
Q123996677,-0.39223058040989783
Q1283523,-0.38833320902143686
Q129321723,0.379150911547864
Q130392672,-0.37456381636990393
Q131376356,0.38263352811493073
Q131376357,0.38396734160312124
Q131376376,0.46930278664318553
Q131376378,0.40928195826957103
Q131376385,0.3937837442585064
Q131376386,0.38685042467057656
Q151550,0.38440624475020213
Q16385014,0.3944599940221362
Q1798059,0.37764046202294993
Q19893167,0.3813994153800266
Q23016715,0.38196573968428754
Q23307336,0.3854083591455999
Q2415562,0.36653389675604753
Q2513907,0.48896686262907574
Q3089022,0.38148133487318253
Q3149116,0.40385477472091114
Q3205133,0.3798898580780142
Q3233491,0.3999570849209241
Q3404279,0.38073629307378
Q3433346,0.38231987384305377
Q3521228,0.38302725432602897
Q39053144,-0.3758954573555796
Q4340237,0.3954563460788575
Q4659971,-0.38069558403791925
Q64048281,0.243317387972819
Q65074348,0.3817397766792655
Q7091078,0.36057476254294935
Q7334502,0.37686907834622135
Q7718935,0.38162127202737706
Q7722439,0.38557142921779797
work_qid,topicality
Q1052459,-0.42081809648697943
Q11330401,0.4405396308505748
Q122452534,0.38854550892890694
Q122452535,0.41697980790763317
Q130717863,0.43441974798980054
Q131376397,0.42937554369408054
Q131376416,0.4280687973468695
Q131376420,0.4714496846574444
Q131376451,0.447056547293631
Q131376452,0.4420493445543236
Q131376453,-0.4298193810513904
Q131376556,-0.4362345103502933
Q21523559,0.4915442443743549
Q2261855,-0.47630539950455164
Q2362526,-0.4403814104030742
Q27976114,0.4940202266729814
Q3054135,0.4060737918824111
Q3212201,0.470284314550327
Q3222682,0.44379767572933687
Q3407187,-0.43378095240753906
Q3518604,0.44820355205095164
Q3525731,0.4415565332416048
Q3655248,0.42118246977286455
Q3818561,0.3902726235959284
Q6780592,0.46432678495813673
Q7094153,-0.40458667368824414
Q7160597,-0.3891149183822086
Q756866,-0.3771576526951703
Q7637680,0.44666304072332713
Q7761643,0.45154617617355747
Q7776103,0.40667721453346206
work_qid,topicality
Q1219119,-0.7322986052024469
Q125817635,0.6927212215797063
Q131376568,0.74426648768586
Q131376569,-0.738004421605549
Q131376571,0.6816327676596481
Q131376575,0.7171175215147646
Q131413612,0.7771877239233141
Q16909156,0.7330703879140714
Q2419894,-0.6979402888624366
Q2910240,0.7255360678374384
Q2915294,-0.7204811168213932
Q3212198,0.7065334097139302
Q3225930,0.7018388676792257
Q3497490,0.7796349817792009
Q3535595,0.565653615296381
Q41077597,0.7282134367790702
Q4180242,0.7145374121859805
Q45918457,0.7231534016492405
Q4660767,0.7229691251602655
Q466103,0.7323218040699728
Q4941511,0.7238148893911769
Q4984887,0.7170909965586527
Q7100063,-0.5468831836173319
Q7728917,0.687693717152542
Q7770233,-0.799463920603737
Q95370110,0.6984867426268283
work_qid,topicality
Q1171420,0.5693785973521577
Q125817634,0.5328303512700783
Q131376585,0.6203611752234799
Q131376598,0.5720101668111468
Q131376609,0.5812945615974208
Q131376610,0.5753012245205342
Q131376612,0.658982734893391
Q131376613,-0.5843586883255881
Q131376614,0.5824231379372766
Q131376616,0.4343664801653309
Q131376617,0.5720988555052121
Q131376618,0.5775550037384538
Q131376625,0.5593901008126498
Q16238544,0.5765989661740349
Q17173494,0.5560257632586758
Q25395087,-0.5577774080541813
Q2603313,0.6285027836034479
Q2861420,0.5426321382226005
Q2917970,0.5704632052082871
Q3100824,0.5843136826738378
Q3222992,0.6070043218579231
Q3234544,0.5957595606296365
Q3294969,-0.5112411020951706
Q4003931,-0.5739039223632615
Q45321274,0.693674004579939
Q4777990,0.5918821051578135
Q4965778,-0.5669299089322559
Q5099787,0.5741514124553827
Q58221164,-0.5747483878991091
Q610680,-0.5540169291790973
Q6679480,-0.45278842695411425
Q768389,-0.6608069643675936
work_qid,topicality
Q119691760,0.825735503786982
Q122452537,0.8347380142280495
Q122452538,-0.8301694893551098
Q122674530,-0.7475803339451081
Q125817869,0.8264993572780074
Q12964319,0.7998618705841325
Q131376633,-0.735919530825354
Q131376636,0.814308945908524
Q131376642,-0.7076797465320119
Q131376643,0.8229130457625565
Q131376669,-0.8255446862804516
Q131415624,-0.8091513782708611
Q25967359,0.8717336157958587
Q3140584,-0.8990496536079253
Q3203183,-0.8613324845153033
Q3209843,-0.8503976799828185
Q3234516,0.8611776818231722
Q3294970,0.9011991651799546
Q3822355,0.8259590275569147
Q4394822,0.8346301754508647
Q4423916,-0.8304027772430366
Q4691060,0.8290865245929285
Q4808643,0.8523114201245355
Q48998756,-0.8812583852212362
Q5368262,0.9195445776795528
Q7738320,-0.8411090150393077
Q7805574,0.639619094652315
Q850150,0.8341583978528428
Q897105,0.8314410844378671
work_qid,topicality
Q109363536,0.743863946508114
Q122452539,0.7910638961928742
Q122452540,-0.7137732872574821
Q131376684,0.20989434434287244
Q131376685,-0.7050278319395956
Q131376686,-0.8601687979502096
Q131376687,0.7540882082912123
Q131376688,0.7448112431663593
Q131376698,0.7502967228779531
Q131376700,0.7636667094182612
Q131376701,-0.6509443556276154
Q131376709,-0.7112375782301963
Q16385762,0.8128497066051437
Q19947586,-0.8052500216527001
Q20875896,0.720264789512647
Q21588124,0.5338215726509505
Q2241505,0.9849483836179462
Q2283166,-0.775834644151016
Q2364488,-0.7247735291594255
Q27763467,-0.6513112037431117
Q2884527,0.5658375755696793
Q3231919,0.7593729538165799
Q3686127,0.7571368068112352
Q3800868,0.5626605723493814
Q3823447,0.7399116043537916
Q4327818,0.7360702497774487
Q4880455,0.7493687750923784
Q5441458,-0.7757060729272438
Q5695215,-0.7724302853627308
Q64049200,-0.652506902521813
Q6690221,0.7645116054360906
Q7291925,0.7719484179582217
Q7334688,0.7012698338102824
Q75454649,0.7270348723758976
Q7637515,0.7887701217384172
Q7732219,0.6914988889848788
Q78290719,0.7597713216908336
Q7843661,-1.091025750561763
Q7961182,0.7527341121290799
work_qid,topicality
Q122452541,-0.5825354751552266
Q122452542,0.6230208175537317
Q131376713,0.6040220797533845
Q131376716,0.59271881222813
Q131376742,0.7286059022393854
Q131376743,0.5373685422057719
Q131376744,-0.7861921316582584
Q131466625,0.5777336116786888
Q131466632,-0.2633563008319575
Q13581036,0.6083307669482778
Q15034501,0.5766109588817168
Q17040582,0.40585625925379415
Q2268557,-0.45414271502570736
Q2531100,0.44977741106645563
Q27765618,0.5749549986249806
Q3016940,0.5450535738327745
Q3062494,0.7996744766514445
Q3088925,0.6105860300888215
Q3391713,0.5305856753812368
Q3424461,0.6091878457921918
Q48813319,-0.5451486383640519
Q543562,0.45921043142719115
Q5516961,0.547843031200535
Q64337559,0.2697463523055171
Q692102,0.5307119185855986
Q7735778,0.598811384335497
Q7744376,0.39513967815951745
Q944991,0.5662401635023833
work_qid,topicality
Q124022063,-0.7084456014032603
Q131376751,-0.6577568158272425
Q131376752,0.48897765157853057
Q131376754,0.6298392770889696
Q131376759,0.6730825936265195
Q131376768,0.6136581756817059
Q134612505,0.5963768534489219
Q1751870,-0.5510606570664129
Q2253255,-0.6410544289937296
Q2295267,0.6313602908328738
Q2608698,-0.6378551932830842
Q2656138,-0.6374546979846426
Q2672307,0.636372072761673
Q27791748,0.6349958837346873
Q3092263,0.6378084081920082
Q3205332,0.6327835498177777
Q3212608,0.6359881462681767
Q3222749,0.6862112422011913
Q3224638,-0.6935048335057785
Q3294967,-0.4854584045050677
Q3305528,0.6261035960298479
Q3497210,0.6391360191726508
Q3563298,0.6359388902992386
Q4020470,0.6526704852797753
Q444451,0.6200204836088972
Q4863413,-0.5371143533048627
Q4880453,0.6368918694055091
Q7033462,0.634068417943096
Q74362,0.6071508020295748
Q7711877,0.6412714513441549
Q7737067,-0.572638219613625
Q85808079,0.6224198982955687
work_qid,topicality
Q122452543,0.9652138304887331
Q131376795,-1.028164583571436
Q131376799,0.8776812610243627
Q131376801,0.9298952841045439
Q131376802,-0.8703215586717861
Q131376803,-0.9832458101547377
Q131376804,-1.0242659557502156
Q131376807,0.8650864186111469
Q131376812,-0.9498049670289468
Q131376817,0.9906265938005366
Q131376818,0.9502042277897269
Q131413614,-0.9415020652563224
Q223784,0.946291594142417
Q2521688,-0.9405190430412003
Q2891748,0.9598314042503658
Q3157174,0.953707863223091
Q3203920,0.9550600936934444
Q3209704,0.9462079454547783
Q3210153,0.946944887944837
Q3221351,0.9417795926052619
Q3453308,-0.9618046625346428
Q3459064,-0.7677563110753456
Q3565822,0.8782036713684911
Q4752917,0.7784573321063001
Q5173054,-0.9690803511837307
Q5265228,-0.5983622791479464
Q5306607,-0.9008600865830805
Q5349776,-0.567918746844521
Q5402793,0.9677400764254683
Q5450418,0.929172994785382
Q5670736,-0.8574532458179972
Q7091899,1.08147625910031
Q779016,-0.973659522771306
Q7820291,0.9697192335295641
Q9183865,0.9146563985796722
Q9201842,0.9428925754959012
work_qid,topicality
Q1031337,1.0316858307823398
Q11881501,0.8860625153809332
Q131380862,0.7598019507448696
Q131380866,0.7875745713026185
Q131380867,-0.6044783703934693
Q131380869,0.7968991795835367
Q131380870,-0.7685652239762077
Q131380874,0.4525156898063759
Q131380879,0.7673756436132166
Q131380892,0.9047657349638133
Q131413615,1.0360760211677231
Q21189972,0.7854327406910743
Q2468406,0.3439262107312665
Q2719299,0.7924209869751075
Q28946151,0.8645283023250598
Q3016630,0.7845717412878962
Q3211325,0.30231363399852357
Q3227494,0.7690694991904687
Q3791346,0.396992719507711
Q3929314,0.7793017646925993
Q4928148,0.7604121578636772
Q5098442,-0.8400661437714275
Q5327095,0.7264941618518718
Q594567,0.7539097893869479
Q63066709,-0.28425326787914956
Q65202611,0.7808124539973424
Q6907938,-0.6972590219433265
Q7047624,0.791929930866191
Q7338006,-0.7848897677878717
Q7601814,0.1770047342388349
Q7745810,-0.7838331717608602
Q7916983,-0.5574723150036089
Q85786245,-0.8413544696251857
work_qid,topicality
Q131380918,0.8607656435534824
Q131380923,0.8663346063795848
Q131380924,0.8862031318626565
Q131380925,0.8796200073501057
Q131380942,1.0549406311884668
Q131380944,-0.6032652433684172
Q131380945,0.8937314180657947
Q131380947,-0.7404373108727506
Q131414069,0.8447565517462261
Q131417480,0.8875969595261562
Q2246747,0.8979774513677551
Q2292400,0.8375690267031464
Q2746500,-0.92933314256092
Q2759020,0.8737306879939836
Q27796013,0.8637992466733183
Q300370,0.04806124862727964
Q3210024,0.8667648835407622
Q3222317,0.8508285524042741
Q3236485,-0.8267383942125552
Q3822080,1.328135862324552
Q43687807,-0.8057745672525779
Q441055,-0.770670373601883
Q47598,0.868184223326654
Q534975,-0.8347234589992909
Q74378,-0.8593536705300022
Q7701574,0.8300013788421626
Q7732903,0.9489099426304162
Q7733416,0.8868352124930222
Q803910,-1.0106742153909982
Q860034,0.8346699826240058
Q900595,0.870109538416578
work_qid,topicality
Q109085737,-1.0540675933309545
Q1143215,1.0663610374562291
Q122452545,-1.1921040358528314
Q122452546,0.011289635999246699
Q125817686,1.2086459435023797
Q129929,1.155655591567977
Q131380954,-1.0126830046345356
Q131380959,0.989601947845868
Q131381154,1.1968878887264982
Q131381175,1.2493394291303053
Q131381177,1.103833612680855
Q131381182,1.1541119018519255
Q131381199,1.1263732969592868
Q131381200,-1.075238267300687
Q131417542,1.1912788713879618
Q15035008,-1.3290735147042032
Q15035019,1.0892730276254143
Q16386156,1.073117520034936
Q16386338,1.148291824627695
Q1759977,-1.3332973503252756
Q20050124,-1.1500043222235496
Q20167373,1.1523370433064979
Q2623688,1.0610460347391142
Q28966242,1.0911338388089435
Q2933712,-1.147665336972923
Q3223347,1.0684419250579567
Q3231336,-1.0698232039198288
Q40860689,1.2033201397547362
Q431927,1.1970454713740324
Q46751,1.062056804886742
Q5031940,-1.1407917907651006
Q5249488,1.0245653515863211
Q5331267,1.0169303692869653
Q65049447,1.0684161388357623
Q6773115,1.2429291105579297
Q7246869,-1.1418236862562645
Q7726654,-1.0792366874026762
Q7751615,1.0530085236771818
Q7920454,1.106291035277963
Q884010,-1.1483741811083241
work_qid,topicality
Q1068060,0.9593319244355778
Q1099716,0.8700515789828548
Q122452547,-0.8937203156136103
Q131381203,0.8729738608363535
Q131381208,0.9151647291686065
Q131381209,0.9583272258119939
Q131381214,-0.7866767547126339
Q131381216,0.8620851911933579
Q131381228,1.08454018454334
Q131381229,0.8826414515857919
Q131381230,0.14246245077112388
Q131381235,0.9165993605305339
Q131381239,0.8528757950043816
Q1605815,0.9460117271335792
Q16944365,0.852171817285101
Q19364507,0.7822394929790991
Q2665745,0.8770756101640507
Q277911,0.8722012717488206
Q27825200,0.8761785841965716
Q27976126,-0.8286787288539907
Q2915310,0.8774678513068261
Q3211069,0.36392901699399993
Q3367818,0.9032594088635159
Q3412968,0.8831632858882561
Q4198261,0.8480556770848621
Q430514,0.9012780769497261
Q44286620,-0.8145404676313636
Q44376999,0.8797172756183659
Q5174346,-0.8430815757143841
Q5223299,-0.8132187125560435
Q5422835,-1.1028006666570755
Q5577739,-0.5399850330850701
Q6549446,0.8040168227435929
Q6749555,0.9447165889417997
Q717326,0.8675670663164395
Q7246870,-0.8965917574124355
Q7751049,0.8710155888805866
Q7755109,0.8649278616170062
work_qid,topicality
Q1154138,0.924493002952956
Q1170644,0.8729993689688137
Q131381249,1.0334642312372961
Q131381253,-0.8105867788383979
Q131381266,0.9708592846377059
Q131381267,0.8978291852293419
Q131414106,0.8840410242700941
Q137536,-0.9089620934356799
Q19346391,0.872887744922399
Q20167456,0.84920178507051
Q2915295,-0.8852453530093869
Q3149129,0.8471033705471802
Q3202275,0.8650968342576842
Q3213011,-0.8366353502921835
Q3375455,-0.8309183458504891
Q3592822,0.8745836855994658
Q3838395,0.9060230680493091
Q3886715,-0.8709249417355412
Q3908940,-0.8771834091426558
Q4048595,-0.649248180200626
Q45321300,-0.8616871667784622
Q47004598,0.8804681373608824
Q5100334,0.8586592682595203
Q5180039,-0.8830287748273562
Q5377672,0.9862391206700811
Q546785,-0.9030892238131701
Q5488966,-0.8971140561142487
Q602216,0.9150847718380652
Q6555310,0.8867497851572851
Q7572695,0.723540287719893
Q7752464,0.8849187907698077
Q7758016,0.8774513658231909
Q7764704,-0.8600144217900078
Q7936915,0.8899788270430431
Q963586,-0.5632616913132835
work_qid,topicality
Q105476388,-1.0182508035621318
Q12057749,1.122976037911546
Q122425801,1.090578396360874
Q12737230,1.3866219499279098
Q131381521,1.0874587748887923
Q131381527,-1.0298190588783822
Q131381533,1.0608828384451567
Q131445309,0.9388549609738147
Q19356855,-0.12729318313082066
Q19356859,-1.0895101213369434
Q2295976,1.1070079567598436
Q2725656,0.2491532550892382
Q2906615,1.090238335260145
Q3006304,1.016253408015877
Q3090152,1.074039452943842
Q3120527,1.0989808523477014
Q3790816,-1.3363886988472011
Q4398917,-0.6489905007174152
Q45321315,1.0787124246998159
Q5120959,-1.1453514315002282
Q5137866,-1.121667492023909
Q7531074,-1.0255342373434304
Q7744389,0.8311355371277711
Q7747410,-1.141827070352654
Q7760903,1.0878939306627573
Q7762126,-1.0319829546750547
Q7920028,-1.0801967381258273
Q942972,1.1494800330963322
work_qid,topicality
Q105491858,0.7312690033160908
Q1212645,0.7545035354117245
Q131381570,-0.6692634435172199
Q131381573,-0.7260823249553363
Q131381574,0.7299102295643023
Q131381581,0.8180991580389887
Q131381585,0.7748933570383592
Q131381588,-0.7696740078581441
Q131381598,0.7256218904507212
Q131381604,0.7656890220350374
Q131413889,0.8064225794746729
Q1474920,0.7611945411230725
Q16954703,0.7478203134464154
Q1748402,0.7819961059152121
Q1758811,0.7965330086535927
Q2240456,0.708223918071371
Q2678988,-0.6875312103496405
Q2870553,0.7248799112828372
Q3015406,0.7431494163708434
Q3548969,0.7356212931055603
Q40205,0.7822952669129295
Q4424499,0.7972092093338192
Q44414884,0.7607247271743156
Q4697707,0.7422949533609949
Q5063196,0.7244890360003102
Q5123861,0.7565243781520958
Q5330486,0.7422747989953465
Q5422501,-0.6316792275161565
Q5472993,0.9673724191626174
Q5482407,0.7399237925605391
Q7020012,-0.4406236804681724
Q7167954,0.7309671749216691
Q7209119,0.7567101937501819
Q7747225,0.7686199858739796
Q7767840,0.8398368375839389
Q7776864,0.7364723602032534
Q901913,-0.760869418619273
work_qid,topicality
Q131381611,1.3307355029705779
Q131381613,-1.6945194371808294
Q131381617,1.3307512751416404
Q131381618,1.076841528482968
Q131381622,1.3944210586330652
Q131381627,1.2642623373434567
Q131413919,1.3871249184088739
Q131417536,1.3457039334353074
Q1339232,1.343698832853317
Q1764445,1.3992564109714667
Q2300209,1.2972310433027536
Q2301398,1.2067255460997375
Q2525080,1.5170412705442229
Q2915291,-1.356093854815639
Q3063278,1.184264812389405
Q44466585,1.3320071775493807
Q4646478,1.2881015914294052
Q5177140,1.409140091444712
Q5447634,-0.9855122970525249
Q579744,1.2746798638745687
Q595128,1.2839792319921917
Q615035,-1.5048008486802191
Q6510209,-1.3564654700890872
Q7077188,1.3633664965446861
Q7103952,1.3050944276569358
Q729783,-1.5278786603523482
Q7775941,1.2794122802057122
Q7810889,1.284662261174126
Q7833847,1.631294938416288
Q7919226,0.1457844136672798
Q951587,1.3153217731663207
work_qid,topicality
Q1140295,0.17352745407587003
Q125817847,0.17378945034518753
Q131381648,0.17937056453300246
Q13512152,-0.2643129315332152
Q15139084,-0.1793811617157261
Q1608505,0.17808674701394872
Q16932120,0.16279388333706327
Q18209955,0.17400385548265276
Q2027568,0.17330149977770196
Q2335394,0.18604983901997246
Q2511421,0.17200372301812064
Q25217435,0.16962410534905834
Q2901992,0.16974077992072253
Q3066138,0.17527735271157216
Q3208861,0.18025840419925573
Q41093795,0.18888603072375557
Q4691072,-0.15972446163890827
Q471679,-0.17699415768698407
Q5348867,0.1849932358972574
Q5373863,0.15700987755458543
Q5436486,0.18851537056037435
Q5505649,0.1740470824470955
Q6787788,0.1766760553781821
Q7064327,0.14541770710018898
Q7557345,0.18383840626205844
Q7713709,0.16890725050477157
Q7714290,0.1747513730291812
Q7736268,0.16015156366482067
Q957123,0.1816283283325223
work_qid,topicality
Q1078499,-0.31023856740483324
Q111992632,0.2930433625519795
Q120733979,0.0014734082587187225
Q120733980,-0.31287252929417164
Q122452549,0.31488711675670394
Q131381649,-0.2575508770491095
Q131381657,0.3008458328202471
Q131381664,0.24587177827828371
Q131381665,0.28488386427555523
Q131381668,0.25181322636403786
Q16968168,-0.16113484903280798
Q20179997,0.278466027348697
Q2319431,0.2623742180935683
Q2905406,0.2883096541368237
Q3522305,-0.2501967139983472
Q3940338,0.28005667308286863
Q4957980,-0.29833195937016876
Q5162401,-0.24970115940782484
Q5636343,0.2925902707516627
Q5643614,0.27633927772520694
Q603645,0.4596093448896408
Q6736735,0.4302321605074352
Q7078419,0.31833912002552245
Q7703804,0.2834845451274124
Q7732767,0.30664555886251615
Q7745634,0.23232815825800834
Q7765299,0.2997841429454584
Q798732,0.29436952589898274
Q8059676,-0.3257624101284954
Q937944,-0.33920266680695643
work_qid,topicality
Q1168659,0.16195840193163646
Q122452550,0.1600431864846804
Q131382089,0.1556894083327706
Q131382094,-0.1514346359341165
Q131382098,0.17188394269185694
Q131382099,0.157398293013361
Q131382101,0.15803790738161913
Q131382106,0.15889165454907275
Q134478923,0.15863615035115208
Q15035002,0.1358560285893421
Q1865620,0.1505280144514866
Q20181152,0.16819931531124888
Q21520132,0.1453735300339276
Q2469019,0.15793955415776084
Q3400801,-0.1536520767377426
Q3736382,0.15311001097090934
Q3893138,-0.11743766627971047
Q487364,-0.15287269921519384
Q5054488,0.1561282959798251
Q5123535,0.15551897774232662
Q5460012,0.16204068526822304
Q6007321,0.15212646727103854
Q6014063,-0.15419715691913655
Q684818,0.15539785237892992
Q7426767,0.1544523398142404
Q7754103,-0.15461945578073963
Q7759106,0.15265055716409645
Q7978347,0.1502197520384203
Q8073247,-0.212252777631167
work_qid,topicality
Q122452551,0.1737403753954017
Q125817754,-0.1475776368229728
Q130745483,0.1805364071404223
Q131382108,0.16340436025671343
Q131382111,0.1640465979050557
Q131382115,-0.16423507778909818
Q131382126,0.17282990755196484
Q131415778,-0.16537923095283932
Q131445234,0.17210251462148007
Q15731773,-0.17258883096196873
Q15987819,0.170845153840952
Q2910027,0.17500140452171786
Q3520291,-0.1677337515894727
Q3745649,0.16824196824887488
Q3997517,0.17167671938809828
Q4352956,0.1822436308661311
Q435722,-0.13960274287975813
Q44900825,0.17688387008760012
Q4791614,-0.17764280131947552
Q5113944,0.18069478084186757
Q5458712,-0.16728953388733742
Q5522495,-0.16818167452830585
Q7127548,0.15845022634777695
Q7785919,0.172761617748099
Q7960897,0.1496758449591363
Q80594518,0.17162876217572776
Q92630,0.16910202878275196
work_qid,topicality
Q11681262,0.19503470327938496
Q1199882,0.19477070108961442
Q122452552,0.19558041395030573
Q125817770,0.20721535816091877
Q131382134,-0.19535570639797922
Q131382135,0.1929068682787178
Q131382136,0.1933596961309461
Q131382137,0.15553568918432842
Q131382149,-0.1929015299720363
Q15221014,0.19465948449555662
Q1706316,0.19724850047828893
Q17071479,0.1949933854804764
Q18366291,0.19833992981216492
Q2377147,0.19381965033028228
Q3005722,0.19220478062216317
Q302026,-0.19336704152701026
Q3231338,0.19405149434851682
Q3349959,0.1949852968951289
Q5280467,-0.1982344842721764
Q5441171,0.19328606235432175
Q5918654,0.19404211806409838
Q5936015,0.19176762955381682
Q622647,0.19473776117175196
Q6303649,-0.1957851736593362
Q7539916,0.19385928172307912
Q7702704,-0.19561514906761482
Q7753234,0.19331532447808958
Q7883104,0.20145380835248936
Q8069036,-0.20591210695079643
work_qid,topicality
Q122452553,0.17722146681322046
Q131382162,0.1829149496995385
Q131382165,-0.8979186682528896
Q131382166,0.1568907196251221
Q131382170,0.5245857098612225
Q131382177,-0.18659306979067666
Q131382178,-0.19799952989812963
Q131445109,0.16768900351388613
Q131445176,-0.539755677166003
Q15221218,0.17560052181093427
Q17066538,0.178421475248857
Q17631900,-0.1516184971202181
Q21160953,0.20725515796228985
Q21953042,0.18231466328051862
Q2269230,0.18458923924085543
Q28044007,0.16957104496721737
Q28306,0.1778149916623302
Q2947797,-0.19146605684958498
Q3052025,0.1712095135705478
Q3563140,0.16461739011982174
Q3906523,0.17745313991439624
Q43480368,-0.15720612752969113
Q44391460,0.15887518885743274
Q5243102,0.16278789128051913
Q5245583,-0.2063386244314627
Q55627927,-0.19279009865041516
Q6535598,0.07654966426198462
Q723020,0.14226431789525806
Q7378920,0.18728572051245654
Q7742712,0.1279784877047483
Q7960989,0.17981639276358383
work_qid,topicality
Q11859870,0.13608912617422217
Q122452554,0.15105416178000583
Q122452555,0.1333716758035013
Q131382193,-0.14674746644509312
Q131382196,0.152973594033779
Q131382197,0.1404061275145818
Q131382201,0.1531621290166157
Q131382204,0.13173243708182078
Q131382208,0.1285973469757528
Q131382210,0.13467554430097198
Q131382212,0.12342426050203492
Q131382227,0.15989625746213101
Q131413495,0.1400521159574901
Q15033305,0.13790062392629618
Q15035526,0.12748311990604347
Q15035527,0.1403201326950386
Q16954516,0.14521290698362022
Q17002323,0.13977738623438837
Q17102722,0.3188416566062078
Q18162354,0.1344031536007335
Q20166701,-0.10661483945818284
Q20926301,-0.12942970996035155
Q27887635,0.13834111231996854
Q3697826,-0.16202695963177385
Q43480748,0.13144645643546304
Q44391610,-0.14581567942567397
Q4631472,0.22160378235026784
Q5019811,0.14209555706963367
Q5036850,0.12568786686378702
Q64167557,0.13232694617644306
Q7306263,-0.1361406539688402
Q7735081,0.13493460694755166
Q7741197,-0.1449740554098695
Q7744372,0.12840899810458753
Q7745946,0.13496183630171507
Q7759446,0.13716001662690597
work_qid,topicality
Q102076464,-0.2875925133926705
Q1167479,-0.2957653984097213
Q122425405,-0.29288422104567896
Q122452556,0.2948432342575582
Q122452557,0.2949318399438666
Q131382236,0.2982236241524633
Q131382237,0.29366557041469693
Q131382238,0.2910009272910846
Q131382242,0.29421799603202725
Q131382246,0.28492221402169243
Q131382252,0.29577833349632005
Q131382258,0.29610752626705633
Q131382269,0.2958530310277734
Q131382270,0.2643579038789774
Q14548336,0.2947122405544964
Q16204596,0.30294094781737074
Q16258116,0.2960769332080663
Q16994283,0.2926507918998411
Q17000766,-0.2980747325026906
Q17001721,0.29636622703137533
Q17073283,0.3121683443374411
Q18149437,0.2906632838993735
Q18391798,0.29643790117058394
Q19364487,0.2940980191817169
Q19874187,0.29727365926316923
Q19893647,-0.293453878475864
Q19895754,0.2936114079971882
Q27891159,0.2942009979534329
Q28453182,-0.05919824770168522
Q39053152,0.29583025313443284
Q44391758,-0.297771970281267
Q44517047,0.2971369972997776
Q58813669,0.29649844608386106
work_qid,topicality
Q105044098,-0.1704928359470532
Q11857948,0.16866580612250281
Q122452558,0.1704562828933133
Q127613403,0.16560024212833313
Q130612865,0.1699908850991514
Q131382277,0.1700643072325643
Q131382278,0.1714328054420364
Q131382279,-0.16671484692495703
Q131382287,0.17180125999840778
Q131382290,0.16827432270802364
Q131382295,0.1700949269913966
Q131382299,-0.16936798203381717
Q131382300,0.16963022883370601
Q131382307,0.1793300262514544
Q131382309,0.17078078206768219
Q131445233,0.16888339938130198
Q16824659,-0.17175533317729103
Q16835895,0.16524021311418396
Q16961640,0.16815469938617372
Q17016080,0.16605855309086864
Q17105829,0.1678495841106091
Q17512402,0.16822600637909504
Q17989172,0.16625516099201326
Q18151875,-0.17378440069620127
Q18205890,-0.1650258677926554
Q18816070,0.13769132903894146
Q19364463,0.16899606486631755
Q19610145,0.1648160822689522
Q19868032,0.16521875232401337
Q20645702,0.16698021836077784
Q24037175,0.16702185987881446
Q24255737,-0.17086806469780993
Q41663473,0.16591808595087695
Q48815704,0.169333544337331
Q56046005,0.16916837927577852
Q607112,0.16941903471521286
Q64868387,-0.16408934531560035
Q7756730,0.17009427297828145
work_qid,topicality
Q108456731,0.17756542551353605
Q122452559,0.1768137117851928
Q122452560,0.18728969669218865
Q122452561,0.16973028731965306
Q131382314,0.18017514795574185
Q131382316,0.20202116950751087
Q131382317,0.0881136355541933
Q131382336,0.18882102749370375
Q131382339,0.1846352134617611
Q131382347,0.19645826734364705
Q131382348,0.1725225766941818
Q131382350,0.19135331855103
Q131382351,0.2219266850604242
Q131382353,-0.09074795248075594
Q131415632,0.18861445423493606
Q18003141,0.18400298704787263
Q18393778,-0.18874061957585406
Q19263643,-0.19576104786396897
Q19263901,0.18479698167520991
Q19363462,0.17694167794966822
Q19894682,0.17738471038029782
Q19902777,0.17693585889764196
Q20058615,0.17955477016531052
Q20720831,0.20189641034539296
Q20856830,-0.20979146946079172
Q20992497,0.18489482526732667
Q21065522,0.23682937905997203
Q23763106,0.17664079205668878
Q25217632,0.22185555183250352
Q27892869,-0.17363712122003394
Q29831547,0.20679029334468652
Q30030695,0.1894460106172408
Q43325355,-0.2571449762228825
Q59537236,0.18636003535522358
Q607276,0.15793228461756026
Q85793524,-0.07441021402073297
work_qid,topicality
Q122452562,-0.1272169568844692
Q122452563,-0.11922084879522038
Q131382359,-0.09526346469302364
Q131382360,0.1219998182969489
Q131382365,0.12759984217114623
Q131382367,0.1044401226516665
Q131382368,0.14081138145605296
Q131382369,-0.13351044665870312
Q131382375,-0.10038843063535163
Q131382376,-0.12532752443521497
Q131382377,0.13696963945927187
Q131445271,0.13990712053227922
Q22074947,-0.22247139760038193
Q26158032,0.1373570533616753
Q27897598,0.1313354066978725
Q27957817,0.13828627258510465
Q29469803,0.12522738616684645
Q29649659,0.1678927900587324
Q30337352,-0.1149205270364079
Q30608520,0.12474529863676324
Q41094135,0.15242155347890757
Q43569582,-0.12884957738690833
Q43625060,-0.12806692337672795
Q50809636,0.13995826519013677
Q54488359,0.13800007172419637
Q54833637,0.14711961566567394
Q55635138,-0.13120576777500675
Q56307799,0.13572443258306022
Q607511,0.052342376350404146
Q65643770,-0.09031746247061025
Q85740021,0.13411910584914138
work_qid,topicality
Q100324066,0.10105412761666391
Q117148972,-0.1328934359300362
Q129500814,0.04046513108874618
Q131382743,-0.05164364948550799
Q131382745,0.09964120511342235
Q131382746,-0.11367281305460533
Q131382747,0.04064326123285021
Q131382748,0.08968368636533658
Q131382750,-0.09692935441627258
Q131382751,0.10127528115079812
Q131382752,0.09414701210622012
Q131382753,0.1091372515735598
Q131414152,0.11177453640228979
Q131445143,0.1212838524283606
Q24255710,-0.15877046063475997
Q29344605,0.0738750468870916
Q29649673,0.10130560898878346
Q29830993,0.10135028402093066
Q29832584,0.12154990452981178
Q30068660,0.09741137059954189
Q30608684,0.09155279947146827
Q39049663,-0.12701662094541571
Q39058554,0.18878134578885442
Q42529627,0.09934449545604986
Q43336631,0.09522457811957646
Q46856743,0.1153593715697914
Q47005478,-0.11515599328059312
Q48772056,0.09059857620577362
Q48796217,0.08481793234874978
Q48817743,0.09792213901429737
Q50376830,0.11294417025606443
Q54488341,-0.11324115098266718
Q55653446,-0.1193007909678707
Q60787839,0.10152794614391025
Q62625624,0.09906235979515807
Q65065481,-0.10372957083452379
Q69527499,0.09436494154968478
Q76548367,0.10494833979562133
Q96379623,0.10082701305223357
work_qid,topicality
Q107681820,0.06451443353133217
Q115940972,0.0647833825663291
Q131382756,-0.11238365167141343
Q131382757,0.06711604128794395
Q131382758,0.07085746923154781
Q131382759,0.0661980969378475
Q131382765,0.0675612619900862
Q131382766,0.06897186448428064
Q131382771,-0.062237580908738634
Q131382772,0.06695506010636214
Q131382773,-0.06251405310419798
Q131382775,-0.06551721754632772
Q131382776,-0.06798524132349695
Q131382782,-0.05693056761130061
Q131382785,0.0645303092161311
Q131382787,-0.06109542930268502
Q131466614,0.06722761576354132
Q50331931,0.07260112341656999
Q55231789,0.058893163594421885
Q56277009,0.06506040777143826
Q56418944,0.06481837519704316
Q56491386,0.062272234200179494
Q60741201,0.06301307605516634
Q62604562,0.06430997089020504
Q62625842,0.06597466615573272
Q62698506,0.06772885042325605
Q63965925,0.06429746154199334
Q64485242,-0.06776267469338844
Q65284007,0.06426295807634597
Q73550637,0.06505188589939412
Q83431075,0.061739597531252965
Q85624939,0.06771042166059665
Q85807897,0.06032716453966992
work_qid,topicality
Q100330025,0.1654391380421676
Q100710210,0.1676829206935975
Q119774478,-0.17666961815016186
Q120569227,-0.17267205409022168
Q122452564,0.16972546887050113
Q130284308,0.16199242822813492
Q131382790,0.17520658698478594
Q131382793,-0.16090954927572898
Q131382806,0.16903090735707593
Q131382809,0.1778062560478553
Q131382811,0.1699171245712333
Q131382813,-0.1677372302276358
Q131382814,0.17383027629109524
Q131382823,0.17215737079163565
Q131382846,0.17381576047999306
Q131382847,0.16759251575235304
Q131382848,0.16762236887543125
Q131382849,0.16600788475708156
Q60786692,-0.09720218537146062
Q62113776,-0.1967410790165908
Q62113879,0.1687876730286643
Q65043785,0.15988985357274166
Q69566723,-0.17746691195601894
Q77430126,0.1680931021852169
Q79557367,-0.17609351708306692
Q82566838,0.17020450687673797
Q85721227,0.16387101242861496
Q85761958,0.18559159634445838
Q93552114,-0.2268325709660648
Q95996827,0.2774567837229235
Q96107494,0.13835115437187473
Q96650197,0.16866109288734804
Q96755535,0.1670286220935142
work_qid,topicality
Q100540380,0.19078617085924598
Q100773938,0.18623104834952114
Q102036201,0.18885951550850918
Q102079264,0.1770930880983888
Q106610620,0.1933551055489951
Q107056688,0.18910488802424613
Q108325525,-0.12678721928143946
Q109302531,0.19840967440239649
Q111913950,0.19931711103631589
Q117389230,0.18688314919622556
Q128800174,-0.1892780444646805
Q130612923,0.1994262676428342
Q131382850,0.21611844219157297
Q131382851,0.18057945844393877
Q131382852,0.1805182870109014
Q131382855,0.18440350212553377
Q131382856,0.1900929253545426
Q131382857,0.2068126057121659
Q131382858,0.18175663721137097
Q131382859,0.20854503956571835
Q131382862,0.19159184708310623
Q131382866,0.22943980879458592
Q131382870,0.18928235630298335
Q131382871,0.3352431762716652
Q131382872,-0.27357657260285123
Q131382874,0.18722225566051193
Q131382875,0.14658644280593597
Q30668227,-0.1718328042719326
Q90410035,-0.20663857082305664
Q95075560,0.17811981294483364
Q96409420,-0.1877050374358485
Q97162038,0.19452552240563356
Q99434216,0.18537813454273566
Q99838669,0.1692932611778394
work_qid,topicality
Q100427780,-0.19798041641345726
Q105476518,-0.20001132228632973
Q105704813,0.19813985232092415
Q105722561,0.19918729893068257
Q106259289,0.19944236762684123
Q106852836,0.19872894090587964
Q107056141,-0.19943664255532156
Q107316509,0.19912494746557682
Q108439991,0.19647252779319274
Q108907333,-0.1986949185341678
Q109255097,0.19899136837495002
Q109284514,0.1988536395236945
Q109591793,0.19876323087176653
Q109942843,0.20061155387607485
Q109975974,-0.19914851275762577
Q110088422,-0.20038868500001247
Q110552625,-0.19978061911072126
Q110879129,0.19753992640927284
Q110892568,0.19887654266190177
Q111027604,0.19938164899252675
Q111169273,-0.1986621692173202
Q111604570,0.19989764729326376
Q111914310,0.19902258956831326
Q111915309,0.1989786740274339
Q116257350,0.19897812843471646
Q116693001,0.19930061345529
Q120122688,-0.19862956211535082
Q122452565,0.20031810128190036
Q122452566,0.1995521444695641
Q131382878,0.19884255945029072
Q131382880,0.1991474783984009
Q131382881,0.1977556113196612
Q131382886,0.2006335389347759
Q131382887,0.19884960490668754
Q131382888,0.19862188855978857
Q131382890,0.19836611140618954
Q131382891,0.19877295983589321
Q131382892,0.19927422028192585
Q131382895,0.19892206006764646
work_qid,topicality
Q111442660,0.11578871973869248
Q111948867,0.1028496022485236
Q112274439,0.10954228757895679
Q112787692,0.10570616780610173
Q114291824,-0.11043612168118047
Q114310172,0.1193023670028068
Q117062613,0.10809508430456943
Q122166736,0.10697158073410523
Q122238085,-0.11295021711115086
Q122425698,0.10836248398790123
Q122452567,0.11563186409434908
Q127425112,-0.10602441274333521
Q131382896,0.11565610748716303
Q131382897,0.11458389903742716
Q131382898,0.10895769703871276
Q131382899,0.11680197169355469
Q131382900,0.11274695564138057
Q131443983,0.11721815055691427
work_qid,topicality
Q116814638,-0.0585214202296629
Q117443239,0.06181626999715533
Q120482895,0.05332466255309811
Q122834958,0.04739707890610654
Q123112174,0.048021634460733036
Q123300220,0.05044367396498375
Q123358191,-0.036221377976761615
Q123521600,0.051763152557018584
Q124435017,0.06409457613649912
Q125198708,-0.009350582949355039
Q125466285,0.0654225848055052
Q126893369,-0.05814562291337864
Q127162257,0.0524203413154641
Q127514388,0.06614319511206142
Q130036358,0.05873858956743015
Q130565185,-0.09840530513478904
Q131382902,0.08122370514426404
Q131382905,-0.05387911771974391
Q131382906,0.1995683029755074
Q131382907,0.0530640459955577
Q131382908,0.0639743358306444
Q131382911,0.10318130016166273
Q131382912,0.06409995454553835
Q131382913,-0.061917671966952394
Q131382914,0.0541099269913743
Q131382915,0.05949328505151747
Q131382916,0.0566943999763622
Q131382920,0.05210257130350837
Q131382921,-0.05251336230597922
Q131382922,0.06199375153635497
Q131382923,-0.0433436416996221
Q131382924,0.054712137438495324
Q131382925,0.0953563808869937
Q131417704,0.07748823626876593
Q131443971,0.06444452864041442
Q131466690,0.060749156170714864
